Date;Price;Open;High;Low;Volume;Change
04/01/2018;4320,00;4210,00;4320,00;4205,00;1160000,0;0,03850
05/01/2018;4380,00;4340,00;4385,00;4315,00;942600,0;0,01390
09/01/2018;4465,00;4415,00;4470,00;4375,00;968700,0;0,01940
10/01/2018;4520,00;4470,00;4530,00;4465,00;764000,0;0,01230
11/01/2018;4540,00;4525,00;4545,00;4515,00;796800,0;0,00440
12/01/2018;4540,00;4540,00;4555,00;4525,00;1380000,0;0,00000
15/01/2018;4530,00;4540,00;4575,00;4525,00;793100,0;-0,00220
16/01/2018;4585,00;4545,00;4600,00;4535,00;685700,0;0,01210
17/01/2018;4640,00;4610,00;4660,00;4575,00;818600,0;0,01200
18/01/2018;4640,00;4670,00;4695,00;4625,00;1200000,0;0,00000
19/01/2018;4490,00;4625,00;4640,00;4460,00;956400,0;-0,03230
22/01/2018;4500,00;4500,00;4525,00;4475,00;535300,0;0,00220
23/01/2018;4665,00;4515,00;4665,00;4515,00;673800,0;0,03670
24/01/2018;4660,00;4665,00;4685,00;4605,00;894600,0;-0,00110
25/01/2018;4635,00;4695,00;4720,00;4620,00;642900,0;-0,00540
26/01/2018;4770,00;4765,00;4825,00;4725,00;1650000,0;0,02910
29/01/2018;4665,00;4820,00;4820,00;4655,00;981500,0;-0,02200
30/01/2018;4580,00;4625,00;4660,00;4570,00;942000,0;-0,01820
31/01/2018;4495,00;4555,00;4585,00;4485,00;1150000,0;-0,01860
01/02/2018;4565,00;4510,00;4570,00;4490,00;773300,0;0,01560
02/02/2018;4510,00;4495,00;4570,00;4475,00;937500,0;-0,01200
05/02/2018;4360,00;4395,00;4425,00;4350,00;1270000,0;-0,03330
06/02/2018;4250,00;4430,00;4500,00;4165,00;2700000,0;-0,02520
07/02/2018;4280,00;4320,00;4430,00;4275,00;1180000,0;0,00710
08/02/2018;4355,00;4300,00;4410,00;4285,00;1170000,0;0,01750
09/02/2018;4185,00;4215,00;4240,00;4135,00;1530000,0;-0,03900
13/02/2018;4265,00;4255,00;4345,00;4225,00;1320000,0;0,01910
14/02/2018;4265,00;4250,00;4290,00;4190,00;983700,0;0,00000
15/02/2018;4370,00;4280,00;4375,00;4275,00;784700,0;0,02460
16/02/2018;4480,00;4370,00;4485,00;4370,00;629700,0;0,02520
19/02/2018;4695,00;4525,00;4705,00;4510,00;679100,0;0,04800
20/02/2018;4725,00;4695,00;4730,00;4660,00;762400,0;0,00640
21/02/2018;4715,00;4725,00;4765,00;4685,00;814100,0;-0,00210
22/02/2018;4695,00;4685,00;4735,00;4660,00;710600,0;-0,00420
23/02/2018;4750,00;4725,00;4785,00;4725,00;519200,0;0,01170
26/02/2018;4755,00;4755,00;4815,00;4715,00;606700,0;0,00110
27/02/2018;4685,00;4750,00;4755,00;4660,00;934000,0;-0,01470
28/02/2018;4730,00;4675,00;4780,00;4665,00;789000,0;0,00960
01/03/2018;4790,00;4750,00;4800,00;4745,00;1110000,0;0,01270
02/03/2018;4715,00;4700,00;4735,00;4655,00;1310000,0;-0,01570
05/03/2018;4690,00;4690,00;4720,00;4640,00;809100,0;-0,00530
06/03/2018;4830,00;4760,00;4845,00;4755,00;687600,0;0,02990
07/03/2018;4890,00;4840,00;4960,00;4820,00;1070000,0;0,01240
08/03/2018;4795,00;4890,00;4900,00;4775,00;1070000,0;-0,01940
09/03/2018;4750,00;4795,00;4860,00;4725,00;1510000,0;-0,00940
12/03/2018;4735,00;4875,00;4875,00;4700,00;662300,0;-0,00320
13/03/2018;4780,00;4765,00;4785,00;4720,00;739400,0;0,00950
14/03/2018;4730,00;4730,00;4740,00;4685,00;553600,0;-0,01050
15/03/2018;4750,00;4720,00;4765,00;4685,00;750900,0;0,00420
16/03/2018;4690,00;4770,00;4770,00;4655,00;1030000,0;-0,01260
19/03/2018;4665,00;4650,00;4690,00;4610,00;520200,0;-0,00530
20/03/2018;4615,00;4580,00;4615,00;4570,00;786100,0;-0,01070
22/03/2018;4765,00;4615,00;4775,00;4615,00;905200,0;0,03250
23/03/2018;4530,00;4635,00;4680,00;4515,00;1340000,0;-0,04930
26/03/2018;4495,00;4490,00;4495,00;4400,00;670400,0;-0,00770
27/03/2018;4600,00;4550,00;4600,00;4515,00;682600,0;0,02340
28/03/2018;4490,00;4490,00;4540,00;4435,00;922600,0;-0,02390
29/03/2018;4605,00;4605,00;4650,00;4555,00;721900,0;0,02560
30/03/2018;4675,00;4650,00;4685,00;4625,00;548600,0;0,01520
02/04/2018;4645,00;4650,00;4705,00;4645,00;346900,0;-0,00640
03/04/2018;4590,00;4585,00;4610,00;4540,00;553100,0;-0,01180
04/04/2018;4650,00;4610,00;4665,00;4595,00;561400,0;0,01310
05/04/2018;4810,00;4710,00;4830,00;4700,00;729300,0;0,03440
06/04/2018;4815,00;4815,00;4860,00;4790,00;757900,0;0,00100
09/04/2018;4985,00;4835,00;5000,00;4835,00;914100,0;0,03530
10/04/2018;5070,00;4990,00;5110,00;4960,00;788500,0;0,01710
11/04/2018;4875,00;4980,00;4990,00;4820,00;742800,0;-0,03850
12/04/2018;4910,00;4895,00;4940,00;4860,00;540500,0;0,00720
13/04/2018;4880,00;4935,00;4940,00;4845,00;672100,0;-0,00610
16/04/2018;4890,00;4910,00;4915,00;4865,00;294900,0;0,00200
17/04/2018;4865,00;4835,00;4875,00;4800,00;668200,0;-0,00510
18/04/2018;4905,00;4870,00;4925,00;4860,00;773000,0;0,00820
19/04/2018;4850,00;4880,00;4910,00;4845,00;900600,0;-0,01120
20/04/2018;4930,00;4850,00;4955,00;4820,00;809800,0;0,01650
23/04/2018;4975,00;4960,00;4985,00;4895,00;527500,0;0,00910
24/04/2018;5190,00;5160,00;5240,00;5140,00;1000000,0;0,04320
25/04/2018;5210,00;5220,00;5240,00;5150,00;656600,0;0,00390
26/04/2018;5210,00;5200,00;5250,00;5170,00;508700,0;0,00000
27/04/2018;5290,00;5270,00;5360,00;5270,00;917900,0;0,01540
01/05/2018;5230,00;5100,00;5250,00;5100,00;818900,0;-0,01130
02/05/2018;5380,00;5250,00;5440,00;5160,00;1230000,0;0,02870
07/05/2018;5670,00;5600,00;5700,00;5540,00;1310000,0;0,05390
08/05/2018;5720,00;5660,00;5740,00;5620,00;873400,0;0,00880
09/05/2018;5770,00;5740,00;5780,00;5740,00;575400,0;0,00870
10/05/2018;5850,00;5820,00;5870,00;5790,00;674500,0;0,01390
11/05/2018;5790,00;5830,00;5880,00;5680,00;845800,0;-0,01030
14/05/2018;5860,00;5770,00;5920,00;5710,00;576000,0;0,01210
15/05/2018;5830,00;5860,00;5880,00;5790,00;494900,0;-0,00510
16/05/2018;5840,00;5860,00;5910,00;5800,00;488400,0;0,00170
17/05/2018;5870,00;5870,00;5940,00;5860,00;518000,0;0,00510
18/05/2018;5790,00;5840,00;5860,00;5770,00;687000,0;-0,01360
21/05/2018;5810,00;5890,00;5980,00;5810,00;725400,0;0,00350
22/05/2018;5730,00;5860,00;5880,00;5710,00;557100,0;-0,01380
23/05/2018;5710,00;5670,00;5830,00;5660,00;714600,0;-0,00350
24/05/2018;5770,00;5690,00;5770,00;5650,00;718700,0;0,01050
25/05/2018;5830,00;5790,00;5860,00;5720,00;584800,0;0,01040
28/05/2018;5720,00;5840,00;5850,00;5700,00;474500,0;-0,01890
29/05/2018;5730,00;5720,00;5780,00;5690,00;485100,0;0,00170
30/05/2018;5630,00;5560,00;5660,00;5530,00;717900,0;-0,01750
31/05/2018;5680,00;5710,00;5780,00;5640,00;2680000,0;0,00890
01/06/2018;5650,00;5610,00;5720,00;5590,00;543300,0;-0,00530
04/06/2018;5780,00;5710,00;5800,00;5690,00;529500,0;0,02300
05/06/2018;5880,00;5830,00;5950,00;5790,00;1070000,0;0,01730
06/06/2018;5940,00;5860,00;5960,00;5830,00;706100,0;0,01020
07/06/2018;5960,00;5980,00;6040,00;5930,00;758800,0;0,00340
08/06/2018;5980,00;5990,00;6020,00;5900,00;1070000,0;0,00340
11/06/2018;6030,00;5960,00;6050,00;5920,00;418000,0;0,00840
12/06/2018;5950,00;6030,00;6040,00;5950,00;683200,0;-0,01330
13/06/2018;5990,00;6000,00;6030,00;5950,00;474300,0;0,00670
14/06/2018;5920,00;5930,00;5980,00;5900,00;608300,0;-0,01170
15/06/2018;5940,00;5970,00;5990,00;5920,00;605200,0;0,00340
18/06/2018;5920,00;6000,00;6000,00;5910,00;461900,0;-0,00340
19/06/2018;5810,00;5850,00;5900,00;5800,00;617600,0;-0,01860
20/06/2018;5870,00;5810,00;5880,00;5750,00;579200,0;0,01030
21/06/2018;5930,00;5820,00;5950,00;5800,00;513700,0;0,01020
22/06/2018;5770,00;5830,00;5840,00;5730,00;692200,0;-0,02700
25/06/2018;5730,00;5750,00;5760,00;5700,00;411000,0;-0,00690
26/06/2018;5730,00;5670,00;5750,00;5620,00;557100,0;0,00000
27/06/2018;5740,00;5710,00;5770,00;5700,00;645400,0;0,00170
28/06/2018;5690,00;5700,00;5730,00;5650,00;648800,0;-0,00870
29/06/2018;5760,00;5790,00;5870,00;5740,00;754300,0;0,01230
02/07/2018;5570,00;5720,00;5740,00;5550,00;516100,0;-0,03300
03/07/2018;5380,00;5370,00;5460,00;5340,00;945500,0;-0,03410
04/07/2018;5350,00;5340,00;5380,00;5280,00;672500,0;-0,00560
05/07/2018;5440,00;5430,00;5490,00;5390,00;1010000,0;0,01680
06/07/2018;5420,00;5400,00;5470,00;5370,00;927800,0;-0,00370
09/07/2018;5450,00;5420,00;5490,00;5420,00;680700,0;0,00550
10/07/2018;5420,00;5500,00;5510,00;5410,00;679600,0;-0,00550
11/07/2018;5310,00;5330,00;5360,00;5230,00;658200,0;-0,02030
12/07/2018;5250,00;5350,00;5390,00;5230,00;821900,0;-0,01130
13/07/2018;5360,00;5290,00;5400,00;5250,00;851900,0;0,02100
17/07/2018;5410,00;5430,00;5490,00;5400,00;679400,0;0,00930
18/07/2018;5330,00;5450,00;5470,00;5330,00;672800,0;-0,01480
19/07/2018;5290,00;5360,00;5360,00;5280,00;663800,0;-0,00750
20/07/2018;5300,00;5310,00;5350,00;5220,00;649900,0;0,00190
23/07/2018;5320,00;5330,00;5380,00;5290,00;532000,0;0,00380
24/07/2018;5290,00;5420,00;5450,00;5260,00;561000,0;-0,00560
25/07/2018;5270,00;5300,00;5300,00;5230,00;360600,0;-0,00380
26/07/2018;5340,00;5340,00;5350,00;5310,00;361700,0;0,01330
27/07/2018;5290,00;5340,00;5340,00;5250,00;401500,0;-0,00940
30/07/2018;5230,00;5250,00;5280,00;5190,00;682500,0;-0,01130
31/07/2018;5220,00;5190,00;5260,00;5170,00;456900,0;-0,00190
01/08/2018;5350,00;5150,00;5360,00;5150,00;701700,0;0,02490
02/08/2018;5490,00;5450,00;5590,00;5400,00;857100,0;0,02620
03/08/2018;5550,00;5500,00;5600,00;5480,00;528600,0;0,01090
06/08/2018;5400,00;5550,00;5550,00;5370,00;612500,0;-0,02700
07/08/2018;5380,00;5390,00;5410,00;5340,00;370300,0;-0,00370
08/08/2018;5340,00;5390,00;5410,00;5320,00;446900,0;-0,00740
09/08/2018;5310,00;5330,00;5340,00;5280,00;332400,0;-0,00560
10/08/2018;5240,00;5370,00;5370,00;5220,00;607400,0;-0,01320
13/08/2018;5000,00;5170,00;5180,00;5000,00;597700,0;-0,04580
14/08/2018;5100,00;5090,00;5130,00;5070,00;508800,0;0,02000
15/08/2018;5190,00;5110,00;5240,00;5100,00;527300,0;0,01760
16/08/2018;5220,00;5130,00;5240,00;5070,00;627000,0;0,00580
17/08/2018;5150,00;5280,00;5330,00;5120,00;505700,0;-0,01340
20/08/2018;5170,00;5170,00;5250,00;5140,00;384600,0;0,00390
21/08/2018;5230,00;5150,00;5250,00;5100,00;471400,0;0,01160
22/08/2018;5300,00;5320,00;5390,00;5260,00;430400,0;0,01340
23/08/2018;5320,00;5270,00;5350,00;5260,00;439400,0;0,00380
24/08/2018;5400,00;5370,00;5410,00;5330,00;346400,0;0,01500
27/08/2018;5310,00;5350,00;5360,00;5260,00;406000,0;-0,01670
28/08/2018;5310,00;5320,00;5340,00;5290,00;414400,0;0,00000
29/08/2018;5300,00;5360,00;5370,00;5290,00;318200,0;-0,00190
30/08/2018;5420,00;5400,00;5480,00;5380,00;506000,0;0,02260
31/08/2018;5310,00;5300,00;5310,00;5220,00;716400,0;-0,02030
03/09/2018;5240,00;5390,00;5420,00;5240,00;562500,0;-0,01320
04/09/2018;5270,00;5230,00;5300,00;5150,00;564100,0;0,00570
05/09/2018;5360,00;5310,00;5460,00;5290,00;571100,0;0,01710
06/09/2018;5380,00;5360,00;5440,00;5280,00;538500,0;0,00370
07/09/2018;5410,00;5390,00;5460,00;5320,00;504300,0;0,00560
10/09/2018;5450,00;5380,00;5470,00;5350,00;544600,0;0,00740
11/09/2018;5570,00;5500,00;5580,00;5490,00;518500,0;0,02200
12/09/2018;5610,00;5590,00;5620,00;5530,00;486500,0;0,00720
13/09/2018;5560,00;5710,00;5770,00;5520,00;567700,0;-0,00890
14/09/2018;5680,00;5650,00;5700,00;5560,00;1370000,0;0,02160
18/09/2018;5900,00;5780,00;5940,00;5750,00;721900,0;0,03870
19/09/2018;5830,00;6000,00;6000,00;5740,00;812800,0;-0,01190
20/09/2018;5810,00;5830,00;5870,00;5730,00;1210000,0;-0,00340
21/09/2018;5880,00;5910,00;5920,00;5780,00;999100,0;0,01200
25/09/2018;5890,00;5880,00;5900,00;5800,00;689300,0;0,00170
26/09/2018;5880,00;5870,00;5900,00;5820,00;572700,0;-0,00170
27/09/2018;5940,00;5860,00;6050,00;5840,00;852900,0;0,01020
28/09/2018;6020,00;6050,00;6070,00;5940,00;884200,0;0,01350
01/10/2018;5840,00;6070,00;6080,00;5840,00;863700,0;-0,02990
02/10/2018;5770,00;5850,00;5860,00;5700,00;1100000,0;-0,01200
03/10/2018;5790,00;5730,00;5860,00;5730,00;820800,0;0,00350
04/10/2018;5670,00;5780,00;5800,00;5640,00;1010000,0;-0,02070
05/10/2018;5530,00;5550,00;5620,00;5470,00;1100000,0;-0,02470
09/10/2018;5420,00;5400,00;5470,00;5390,00;758400,0;-0,01990
10/10/2018;5430,00;5410,00;5500,00;5400,00;575300,0;0,00180
11/10/2018;5250,00;5260,00;5290,00;5210,00;731500,0;-0,03310
12/10/2018;5260,00;5150,00;5290,00;5150,00;1060000,0;0,00190
15/10/2018;5250,00;5210,00;5270,00;5200,00;805400,0;-0,00190
16/10/2018;5300,00;5250,00;5300,00;5210,00;844200,0;0,00950
17/10/2018;5430,00;5380,00;5490,00;5380,00;819500,0;0,02450
18/10/2018;5400,00;5420,00;5440,00;5380,00;656200,0;-0,00550
19/10/2018;5390,00;5300,00;5410,00;5290,00;827600,0;-0,00190
22/10/2018;5330,00;5330,00;5370,00;5260,00;593900,0;-0,01110
23/10/2018;5210,00;5300,00;5300,00;5160,00;732000,0;-0,02250
24/10/2018;5260,00;5260,00;5290,00;5190,00;751000,0;0,00960
25/10/2018;5010,00;5160,00;5180,00;4985,00;659600,0;-0,04750
26/10/2018;4925,00;4985,00;5020,00;4870,00;799200,0;-0,01700
29/10/2018;4895,00;4925,00;4965,00;4875,00;563600,0;-0,00610
30/10/2018;4915,00;4855,00;4935,00;4825,00;1420000,0;0,00410
31/10/2018;4975,00;4910,00;4985,00;4840,00;681200,0;0,01220
01/11/2018;5180,00;4995,00;5180,00;4980,00;972800,0;0,04120
02/11/2018;5290,00;5260,00;5390,00;5230,00;1260000,0;0,02120
05/11/2018;5290,00;5210,00;5320,00;5160,00;690700,0;0,00000
06/11/2018;5260,00;5330,00;5350,00;5240,00;557900,0;-0,00570
07/11/2018;5250,00;5280,00;5340,00;5230,00;718200,0;-0,00190
08/11/2018;5420,00;5340,00;5440,00;5330,00;429700,0;0,03240
09/11/2018;5360,00;5400,00;5450,00;5340,00;513800,0;-0,01110
12/11/2018;5260,00;5290,00;5350,00;5220,00;369100,0;-0,01870
13/11/2018;4960,00;5110,00;5130,00;4935,00;626400,0;-0,05700
14/11/2018;4980,00;4965,00;5020,00;4945,00;499700,0;0,00400
15/11/2018;5030,00;4920,00;5040,00;4920,00;423500,0;0,01000
16/11/2018;4985,00;5010,00;5080,00;4985,00;423000,0;-0,00890
19/11/2018;4920,00;4960,00;4990,00;4905,00;384900,0;-0,01300
20/11/2018;4755,00;4875,00;4875,00;4750,00;409400,0;-0,03350
21/11/2018;4710,00;4670,00;4720,00;4640,00;609100,0;-0,00950
22/11/2018;4800,00;4750,00;4840,00;4720,00;1140000,0;0,01910
26/11/2018;4865,00;4775,00;4875,00;4765,00;592900,0;0,01350
27/11/2018;5040,00;4935,00;5040,00;4890,00;653600,0;0,03600
28/11/2018;4920,00;4960,00;4990,00;4910,00;737700,0;-0,02380
29/11/2018;4815,00;4945,00;4975,00;4810,00;528600,0;-0,02130
30/11/2018;4890,00;4805,00;4920,00;4775,00;1010000,0;0,01560
03/12/2018;5020,00;4930,00;5060,00;4905,00;485500,0;0,02660
04/12/2018;4885,00;5020,00;5030,00;4860,00;627700,0;-0,02690
05/12/2018;4730,00;4815,00;4840,00;4715,00;580200,0;-0,03170
06/12/2018;4780,00;4720,00;4785,00;4675,00;955400,0;0,01060
07/12/2018;4920,00;4810,00;4925,00;4795,00;678000,0;0,02930
10/12/2018;4840,00;4850,00;4870,00;4780,00;663600,0;-0,01630
11/12/2018;4795,00;4830,00;4880,00;4785,00;639600,0;-0,00930
12/12/2018;5200,00;4930,00;5210,00;4900,00;1230000,0;0,08450
13/12/2018;5280,00;5240,00;5330,00;5200,00;878800,0;0,01540
14/12/2018;5110,00;5240,00;5280,00;5100,00;1390000,0;-0,03220
17/12/2018;5200,00;5110,00;5200,00;5080,00;468600,0;0,01760
18/12/2018;5100,00;5100,00;5140,00;5050,00;638600,0;-0,01920
19/12/2018;5060,00;5070,00;5100,00;4960,00;675000,0;-0,00780
20/12/2018;4815,00;4980,00;5010,00;4780,00;724900,0;-0,04840
21/12/2018;4660,00;4855,00;4895,00;4655,00;937300,0;-0,03220
25/12/2018;4405,00;4590,00;4590,00;4390,00;686500,0;-0,05470
26/12/2018;4455,00;4440,00;4480,00;4355,00;705900,0;0,01140
27/12/2018;4655,00;4585,00;4700,00;4560,00;808500,0;0,04490
28/12/2018;4680,00;4690,00;4690,00;4600,00;542800,0;0,00540
04/01/2019;4550,00;4520,00;4560,00;4435,00;687800,0;-0,02780
07/01/2019;4730,00;4685,00;4790,00;4680,00;683100,0;0,03960
08/01/2019;4700,00;4775,00;4780,00;4700,00;612000,0;-0,00630
09/01/2019;4755,00;4760,00;4850,00;4745,00;795500,0;0,01170
10/01/2019;4725,00;4760,00;4815,00;4710,00;615200,0;-0,00630
11/01/2019;4560,00;4675,00;4725,00;4560,00;1250000,0;-0,03490
15/01/2019;4705,00;4495,00;4730,00;4485,00;704400,0;0,03180
16/01/2019;4635,00;4715,00;4715,00;4620,00;404800,0;-0,01490
17/01/2019;4600,00;4625,00;4675,00;4580,00;434700,0;-0,00760
18/01/2019;4700,00;4625,00;4740,00;4600,00;467600,0;0,02170
21/01/2019;4710,00;4770,00;4840,00;4700,00;346200,0;0,00210
22/01/2019;4570,00;4710,00;4710,00;4545,00;591800,0;-0,02970
23/01/2019;4600,00;4555,00;4625,00;4520,00;594400,0;0,00660
24/01/2019;4610,00;4595,00;4630,00;4540,00;369500,0;0,00220
25/01/2019;4645,00;4595,00;4685,00;4580,00;475600,0;0,00760
28/01/2019;4670,00;4645,00;4695,00;4630,00;326600,0;0,00540
29/01/2019;4755,00;4675,00;4755,00;4630,00;610000,0;0,01820
30/01/2019;4760,00;4780,00;4800,00;4735,00;900200,0;0,00110
31/01/2019;4760,00;4855,00;4895,00;4755,00;608700,0;0,00000
01/02/2019;4785,00;4775,00;4845,00;4765,00;457000,0;0,00530
04/02/2019;4805,00;4830,00;4880,00;4780,00;438700,0;0,00420
05/02/2019;4855,00;4855,00;4875,00;4815,00;469900,0;0,01040
06/02/2019;5470,00;5370,00;5530,00;5260,00;1670000,0;0,12670
07/02/2019;5240,00;5410,00;5440,00;5190,00;928500,0;-0,04200
08/02/2019;5080,00;5110,00;5170,00;5030,00;1090000,0;-0,03050
12/02/2019;5220,00;5050,00;5230,00;5050,00;658200,0;0,02760
13/02/2019;5240,00;5190,00;5310,00;5170,00;520300,0;0,00380
14/02/2019;5230,00;5260,00;5290,00;5210,00;349600,0;-0,00190
15/02/2019;5260,00;5240,00;5260,00;5160,00;440400,0;0,00570
18/02/2019;5290,00;5330,00;5340,00;5270,00;383400,0;0,00570
19/02/2019;5300,00;5300,00;5350,00;5260,00;371100,0;0,00190
20/02/2019;5470,00;5320,00;5520,00;5310,00;641100,0;0,03210
21/02/2019;5470,00;5460,00;5520,00;5450,00;529800,0;0,00000
22/02/2019;5480,00;5500,00;5540,00;5460,00;493200,0;0,00180
25/02/2019;5580,00;5510,00;5610,00;5480,00;497200,0;0,01820
26/02/2019;5470,00;5620,00;5620,00;5460,00;681700,0;-0,01970
27/02/2019;5480,00;5480,00;5530,00;5460,00;457500,0;0,00180
28/02/2019;5480,00;5500,00;5500,00;5410,00;720400,0;0,00000
01/03/2019;5520,00;5500,00;5570,00;5500,00;495600,0;0,00730
04/03/2019;5560,00;5590,00;5600,00;5530,00;581000,0;0,00720
05/03/2019;5450,00;5480,00;5520,00;5430,00;623100,0;-0,01980
06/03/2019;5550,00;5470,00;5570,00;5460,00;785400,0;0,01830
07/03/2019;5520,00;5470,00;5520,00;5430,00;639500,0;-0,00540
08/03/2019;5460,00;5520,00;5540,00;5420,00;1220000,0;-0,01090
11/03/2019;5490,00;5460,00;5490,00;5340,00;401600,0;0,00550
12/03/2019;5580,00;5550,00;5640,00;5520,00;560000,0;0,01640
13/03/2019;5530,00;5590,00;5600,00;5450,00;461300,0;-0,00900
14/03/2019;5470,00;5530,00;5550,00;5450,00;558200,0;-0,01080
15/03/2019;5490,00;5490,00;5510,00;5450,00;963900,0;0,00370
18/03/2019;5590,00;5540,00;5590,00;5500,00;351200,0;0,01820
19/03/2019;5510,00;5580,00;5580,00;5480,00;476000,0;-0,01430
20/03/2019;5540,00;5530,00;5560,00;5480,00;396000,0;0,00540
22/03/2019;5470,00;5600,00;5600,00;5460,00;585800,0;-0,01260
25/03/2019;5470,00;5470,00;5480,00;5400,00;662000,0;0,00000
26/03/2019;5590,00;5520,00;5630,00;5520,00;755100,0;0,02190
27/03/2019;5660,00;5620,00;5680,00;5580,00;702900,0;0,01250
28/03/2019;5480,00;5610,00;5620,00;5470,00;711900,0;-0,03180
29/03/2019;5530,00;5520,00;5560,00;5490,00;461200,0;0,00910
01/04/2019;5560,00;5600,00;5650,00;5550,00;638100,0;0,00540
02/04/2019;5520,00;5590,00;5620,00;5510,00;529800,0;-0,00720
03/04/2019;5450,00;5500,00;5520,00;5440,00;599100,0;-0,01270
04/04/2019;5550,00;5470,00;5570,00;5460,00;527400,0;0,01830
05/04/2019;5620,00;5570,00;5650,00;5560,00;550500,0;0,01260
08/04/2019;5680,00;5680,00;5710,00;5640,00;501900,0;0,01070
09/04/2019;5650,00;5710,00;5710,00;5640,00;467600,0;-0,00530
10/04/2019;5680,00;5580,00;5680,00;5560,00;503100,0;0,00530
11/04/2019;5740,00;5700,00;5740,00;5670,00;422900,0;0,01060
12/04/2019;5760,00;5800,00;5800,00;5690,00;1020000,0;0,00350
15/04/2019;5890,00;5850,00;5960,00;5850,00;644700,0;0,02260
16/04/2019;5830,00;5870,00;5890,00;5800,00;525400,0;-0,01020
17/04/2019;5790,00;5820,00;5840,00;5780,00;434400,0;-0,00690
18/04/2019;5620,00;5750,00;5750,00;5620,00;555700,0;-0,02940
19/04/2019;5680,00;5750,00;5760,00;5670,00;295000,0;0,01070
22/04/2019;5650,00;5640,00;5690,00;5640,00;279000,0;-0,00530
23/04/2019;5720,00;5660,00;5740,00;5650,00;376600,0;0,01240
24/04/2019;5740,00;5710,00;5790,00;5680,00;544200,0;0,00350
25/04/2019;5860,00;5740,00;5870,00;5730,00;444600,0;0,02090
26/04/2019;5750,00;5780,00;5810,00;5730,00;547600,0;-0,01880
07/05/2019;5560,00;5710,00;5810,00;5520,00;599400,0;-0,03300
08/05/2019;5500,00;5460,00;5510,00;5410,00;649500,0;-0,01080
09/05/2019;5410,00;5470,00;5510,00;5370,00;703800,0;-0,01640
10/05/2019;5310,00;5510,00;5600,00;5240,00;1180000,0;-0,01850
13/05/2019;5320,00;5300,00;5360,00;5290,00;633700,0;0,00190
14/05/2019;5330,00;5220,00;5340,00;5170,00;513700,0;0,00190
15/05/2019;5340,00;5350,00;5400,00;5300,00;561900,0;0,00190
16/05/2019;5390,00;5340,00;5390,00;5320,00;593300,0;0,00940
17/05/2019;5440,00;5460,00;5530,00;5440,00;595400,0;0,00930
20/05/2019;5530,00;5460,00;5560,00;5460,00;412700,0;0,01650
21/05/2019;5400,00;5450,00;5490,00;5390,00;552900,0;-0,02350
22/05/2019;5430,00;5450,00;5470,00;5400,00;274700,0;0,00560
23/05/2019;5400,00;5450,00;5470,00;5380,00;341800,0;-0,00550
24/05/2019;5230,00;5400,00;5400,00;5200,00;584000,0;-0,03150
27/05/2019;5100,00;5200,00;5220,00;5100,00;397900,0;-0,02490
28/05/2019;5080,00;5080,00;5140,00;5050,00;1010000,0;-0,00390
29/05/2019;5020,00;5010,00;5040,00;4960,00;594200,0;-0,01180
30/05/2019;5040,00;4950,00;5040,00;4940,00;741500,0;0,00400
31/05/2019;4885,00;4985,00;4995,00;4870,00;979000,0;-0,03080
03/06/2019;4910,00;4845,00;4925,00;4835,00;775200,0;0,00510
04/06/2019;5030,00;5010,00;5040,00;4950,00;937200,0;0,02440
05/06/2019;4985,00;5100,00;5170,00;4950,00;798500,0;-0,00890
06/06/2019;5020,00;4930,00;5070,00;4930,00;590200,0;0,00700
07/06/2019;5080,00;5010,00;5110,00;5000,00;247400,0;0,01200
10/06/2019;5150,00;5140,00;5180,00;5120,00;587200,0;0,01380
11/06/2019;5110,00;5090,00;5130,00;5090,00;233700,0;-0,00780
12/06/2019;5100,00;5120,00;5200,00;5100,00;424500,0;-0,00200
13/06/2019;5120,00;5120,00;5180,00;5080,00;409900,0;0,00390
14/06/2019;5220,00;5180,00;5240,00;5140,00;1010000,0;0,01950
17/06/2019;5120,00;5240,00;5240,00;5070,00;424200,0;-0,01920
18/06/2019;5110,00;5080,00;5150,00;5080,00;397400,0;-0,00200
19/06/2019;5170,00;5170,00;5230,00;5160,00;379500,0;0,01170
20/06/2019;5150,00;5250,00;5260,00;5130,00;395900,0;-0,00390
21/06/2019;5040,00;5150,00;5190,00;5030,00;995800,0;-0,02140
24/06/2019;5100,00;5030,00;5130,00;5020,00;277400,0;0,01190
25/06/2019;5130,00;5110,00;5200,00;5110,00;488900,0;0,00590
26/06/2019;5180,00;5170,00;5180,00;5120,00;435900,0;0,00970
27/06/2019;5200,00;5180,00;5220,00;5140,00;349200,0;0,00390
28/06/2019;5120,00;5240,00;5240,00;5090,00;724300,0;-0,01540
01/07/2019;5260,00;5270,00;5300,00;5260,00;563000,0;0,02730
02/07/2019;5150,00;5230,00;5240,00;5140,00;454500,0;-0,02090
03/07/2019;5200,00;5150,00;5200,00;5090,00;455900,0;0,00970
04/07/2019;5230,00;5220,00;5240,00;5200,00;237400,0;0,00580
05/07/2019;5170,00;5230,00;5230,00;5120,00;369500,0;-0,01150
08/07/2019;5090,00;5130,00;5150,00;5080,00;470700,0;-0,01550
09/07/2019;5060,00;5090,00;5090,00;5010,00;467100,0;-0,00590
10/07/2019;5020,00;5040,00;5050,00;5010,00;505000,0;-0,00790
11/07/2019;5130,00;5020,00;5130,00;5020,00;245400,0;0,02190
12/07/2019;5210,00;5190,00;5220,00;5180,00;488600,0;0,01560
16/07/2019;5230,00;5220,00;5260,00;5210,00;405600,0;0,00380
17/07/2019;5150,00;5210,00;5240,00;5120,00;365000,0;-0,01530
18/07/2019;5020,00;5090,00;5100,00;5000,00;554800,0;-0,02520
19/07/2019;5210,00;5030,00;5210,00;5010,00;478900,0;0,03780
22/07/2019;5140,00;5150,00;5150,00;5090,00;389000,0;-0,01340
23/07/2019;5210,00;5110,00;5240,00;5090,00;292000,0;0,01360
24/07/2019;5230,00;5220,00;5240,00;5190,00;324700,0;0,00380
25/07/2019;5180,00;5250,00;5250,00;5170,00;312700,0;-0,00960
26/07/2019;5160,00;5180,00;5180,00;5140,00;210200,0;-0,00390
29/07/2019;5160,00;5130,00;5160,00;5090,00;323300,0;0,00000
30/07/2019;5190,00;5200,00;5250,00;5170,00;348900,0;0,00580
31/07/2019;5160,00;5110,00;5200,00;5090,00;614500,0;-0,00580
01/08/2019;5100,00;5120,00;5180,00;5030,00;706400,0;-0,01160
02/08/2019;4820,00;4690,00;4830,00;4590,00;1830000,0;-0,05490
05/08/2019;4835,00;4840,00;4880,00;4760,00;838700,0;0,00310
06/08/2019;4705,00;4670,00;4715,00;4545,00;1090000,0;-0,02690
07/08/2019;4650,00;4650,00;4675,00;4560,00;630400,0;-0,01170
08/08/2019;4765,00;4660,00;4815,00;4645,00;593200,0;0,02470
09/08/2019;4835,00;4845,00;4930,00;4820,00;868800,0;0,01470
13/08/2019;4810,00;4765,00;4825,00;4760,00;500000,0;-0,00520
14/08/2019;4860,00;4900,00;4920,00;4845,00;474100,0;0,01040
15/08/2019;4850,00;4760,00;4890,00;4760,00;522100,0;-0,00210
16/08/2019;4785,00;4830,00;4830,00;4765,00;320800,0;-0,01340
19/08/2019;4750,00;4835,00;4835,00;4700,00;357000,0;-0,00730
20/08/2019;4785,00;4740,00;4795,00;4705,00;414700,0;0,00740
21/08/2019;4745,00;4715,00;4760,00;4650,00;384000,0;-0,00840
22/08/2019;4705,00;4775,00;4775,00;4680,00;398800,0;-0,00840
23/08/2019;4670,00;4635,00;4700,00;4635,00;389500,0;-0,00740
26/08/2019;4490,00;4500,00;4550,00;4465,00;706900,0;-0,03850
27/08/2019;4575,00;4550,00;4605,00;4540,00;475800,0;0,01890
28/08/2019;4500,00;4510,00;4555,00;4485,00;435500,0;-0,01640
29/08/2019;4510,00;4530,00;4580,00;4500,00;397800,0;0,00220
30/08/2019;4585,00;4580,00;4635,00;4560,00;519800,0;0,01660
02/09/2019;4495,00;4545,00;4565,00;4495,00;280300,0;-0,01960
03/09/2019;4485,00;4490,00;4525,00;4470,00;399200,0;-0,00220
04/09/2019;4405,00;4470,00;4480,00;4380,00;300700,0;-0,01780
05/09/2019;4535,00;4420,00;4565,00;4420,00;871400,0;0,02950
06/09/2019;4615,00;4600,00;4630,00;4555,00;697300,0;0,01760
09/09/2019;4615,00;4645,00;4675,00;4585,00;396900,0;0,00000
10/09/2019;4645,00;4620,00;4655,00;4585,00;357600,0;0,00650
11/09/2019;4660,00;4680,00;4680,00;4640,00;492600,0;0,00320
12/09/2019;4685,00;4755,00;4755,00;4685,00;762100,0;0,00540
13/09/2019;4795,00;4755,00;4815,00;4655,00;1450000,0;0,02350
17/09/2019;4735,00;4810,00;4815,00;4710,00;536800,0;-0,01250
18/09/2019;4735,00;4750,00;4765,00;4710,00;400900,0;0,00000
19/09/2019;4810,00;4770,00;4855,00;4755,00;468000,0;0,01580
20/09/2019;4850,00;4850,00;4895,00;4820,00;495600,0;0,00830
24/09/2019;4805,00;4785,00;4820,00;4755,00;346300,0;-0,00930
25/09/2019;4785,00;4760,00;4800,00;4715,00;454200,0;-0,00420
26/09/2019;4800,00;4860,00;4865,00;4780,00;442700,0;0,00310
27/09/2019;4810,00;4740,00;4815,00;4740,00;492700,0;0,00210
30/09/2019;4850,00;4820,00;4870,00;4755,00;729300,0;0,00830
01/10/2019;4815,00;4835,00;4865,00;4795,00;396900,0;-0,00720
02/10/2019;4825,00;4840,00;4875,00;4810,00;446600,0;0,00210
03/10/2019;4665,00;4700,00;4715,00;4625,00;441700,0;-0,03320
04/10/2019;4690,00;4670,00;4690,00;4590,00;460800,0;0,00540
07/10/2019;4755,00;4685,00;4755,00;4670,00;328600,0;0,01390
08/10/2019;4830,00;4780,00;4865,00;4775,00;448400,0;0,01580
09/10/2019;4750,00;4795,00;4810,00;4735,00;364500,0;-0,01660
10/10/2019;4735,00;4775,00;4785,00;4680,00;406500,0;-0,00320
11/10/2019;4755,00;4805,00;4805,00;4735,00;602300,0;0,00420
15/10/2019;4910,00;4810,00;4930,00;4805,00;494500,0;0,03260
16/10/2019;4960,00;4975,00;5070,00;4955,00;654600,0;0,01020
17/10/2019;4990,00;4995,00;5030,00;4960,00;361700,0;0,00600
18/10/2019;5030,00;5030,00;5080,00;5010,00;439300,0;0,00800
21/10/2019;5040,00;5030,00;5060,00;5020,00;317200,0;0,00200
23/10/2019;4975,00;5080,00;5080,00;4950,00;450600,0;-0,01290
24/10/2019;4955,00;4990,00;5010,00;4940,00;406700,0;-0,00400
25/10/2019;5010,00;4950,00;5020,00;4945,00;423500,0;0,01110
28/10/2019;5000,00;5050,00;5050,00;4995,00;293200,0;-0,00200
29/10/2019;5050,00;5040,00;5060,00;5020,00;466500,0;0,01000
30/10/2019;5080,00;5080,00;5100,00;5030,00;608600,0;0,00590
31/10/2019;5070,00;5080,00;5100,00;5050,00;419700,0;-0,00200
01/11/2019;5020,00;5020,00;5050,00;4930,00;484200,0;-0,00990
05/11/2019;5620,00;5620,00;5730,00;5470,00;1520000,0;0,11950
06/11/2019;5800,00;5720,00;5830,00;5710,00;828100,0;0,03200
07/11/2019;5830,00;5800,00;5830,00;5780,00;428400,0;0,00520
08/11/2019;5930,00;6000,00;6010,00;5870,00;899600,0;0,01720
11/11/2019;5890,00;5890,00;5900,00;5790,00;449200,0;-0,00670
12/11/2019;5940,00;5820,00;5970,00;5800,00;549900,0;0,00850
13/11/2019;5920,00;5930,00;5930,00;5830,00;332400,0;-0,00340
14/11/2019;5940,00;5980,00;6030,00;5910,00;483900,0;0,00340
15/11/2019;5970,00;5890,00;5990,00;5890,00;408700,0;0,00510
18/11/2019;6020,00;5950,00;6030,00;5930,00;315700,0;0,00840
19/11/2019;6030,00;6030,00;6070,00;5960,00;336900,0;0,00170
20/11/2019;6060,00;6000,00;6070,00;6000,00;411900,0;0,00500
21/11/2019;6040,00;6060,00;6080,00;5910,00;480800,0;-0,00330
22/11/2019;6060,00;6020,00;6080,00;5990,00;305200,0;0,00330
25/11/2019;6040,00;6110,00;6130,00;6040,00;301900,0;-0,00330
26/11/2019;6020,00;6100,00;6100,00;5990,00;634500,0;-0,00330
27/11/2019;6170,00;6100,00;6250,00;6090,00;691700,0;0,02490
28/11/2019;6130,00;6180,00;6240,00;6130,00;452700,0;-0,00650
29/11/2019;6030,00;6080,00;6100,00;6030,00;536500,0;-0,01630
02/12/2019;6130,00;6070,00;6200,00;6050,00;399600,0;0,01660
03/12/2019;6080,00;6050,00;6110,00;6040,00;393300,0;-0,00820
04/12/2019;6070,00;6060,00;6100,00;6040,00;397200,0;-0,00160
05/12/2019;6140,00;6100,00;6210,00;6090,00;311500,0;0,01150
06/12/2019;6120,00;6130,00;6170,00;6100,00;272100,0;-0,00330
09/12/2019;6160,00;6200,00;6220,00;6150,00;361900,0;0,00650
10/12/2019;6090,00;6090,00;6160,00;6060,00;403000,0;-0,01140
11/12/2019;6030,00;6100,00;6120,00;6010,00;605100,0;-0,00990
12/12/2019;5990,00;6050,00;6070,00;5960,00;847700,0;-0,00660
13/12/2019;6230,00;6140,00;6270,00;6140,00;1600000,0;0,04010
16/12/2019;6180,00;6180,00;6240,00;6160,00;553300,0;-0,00800
17/12/2019;6170,00;6180,00;6220,00;6120,00;487100,0;-0,00160
18/12/2019;6170,00;6110,00;6180,00;6100,00;451000,0;0,00000
19/12/2019;6160,00;6210,00;6230,00;6140,00;413900,0;-0,00160
20/12/2019;6090,00;6190,00;6240,00;6090,00;620300,0;-0,01140
23/12/2019;6160,00;6140,00;6180,00;6120,00;300100,0;0,01150
24/12/2019;6120,00;6200,00;6200,00;6100,00;245000,0;-0,00650
25/12/2019;6120,00;6150,00;6160,00;6110,00;201100,0;0,00000
26/12/2019;6170,00;6120,00;6190,00;6120,00;240100,0;0,00820
27/12/2019;6120,00;6150,00;6200,00;6120,00;264500,0;-0,00810
30/12/2019;6080,00;6140,00;6140,00;6050,00;323900,0;-0,00650
06/01/2020;6000,00;5890,00;6000,00;5870,00;590500,0;-0,01320
07/01/2020;6130,00;6010,00;6140,00;6010,00;572700,0;0,02170
08/01/2020;5980,00;5940,00;6030,00;5890,00;643900,0;-0,02450
09/01/2020;6120,00;6080,00;6140,00;6070,00;427400,0;0,02340
10/01/2020;6230,00;6200,00;6250,00;6160,00;744400,0;0,01800
14/01/2020;6150,00;6210,00;6230,00;6130,00;460900,0;-0,01280
15/01/2020;6070,00;6120,00;6170,00;6040,00;527000,0;-0,01300
16/01/2020;6080,00;6080,00;6110,00;6060,00;428100,0;0,00160
17/01/2020;6070,00;6090,00;6140,00;6030,00;491000,0;-0,00160
20/01/2020;6110,00;6020,00;6110,00;6020,00;282700,0;0,00660
21/01/2020;6070,00;6080,00;6110,00;6040,00;475500,0;-0,00650
22/01/2020;6130,00;6100,00;6130,00;6060,00;466200,0;0,00990
23/01/2020;6110,00;6120,00;6150,00;6100,00;455700,0;-0,00330
24/01/2020;6110,00;6120,00;6130,00;6060,00;335800,0;0,00000
27/01/2020;6020,00;5990,00;6020,00;5950,00;455100,0;-0,01470
28/01/2020;5710,00;5920,00;5920,00;5680,00;993500,0;-0,05150
29/01/2020;5670,00;5650,00;5700,00;5600,00;968700,0;-0,00700
30/01/2020;5550,00;5670,00;5680,00;5500,00;579800,0;-0,02120
31/01/2020;5660,00;5610,00;5740,00;5610,00;636400,0;0,01980
03/02/2020;5510,00;5470,00;5560,00;5450,00;544500,0;-0,02650
04/02/2020;5620,00;5480,00;5650,00;5470,00;730800,0;0,02000
05/02/2020;5730,00;5690,00;5770,00;5690,00;580400,0;0,01960
06/02/2020;5830,00;5800,00;5910,00;5740,00;720800,0;0,01750
07/02/2020;5670,00;5630,00;5710,00;5480,00;1080000,0;-0,02740
10/02/2020;5750,00;5670,00;5780,00;5630,00;820100,0;0,01410
12/02/2020;5810,00;5770,00;5860,00;5750,00;708200,0;0,01040
13/02/2020;5760,00;5830,00;5830,00;5740,00;657200,0;-0,00860
14/02/2020;5760,00;5710,00;5790,00;5690,00;590600,0;0,00000
17/02/2020;5790,00;5760,00;5800,00;5710,00;369800,0;0,00520
18/02/2020;5750,00;5800,00;5800,00;5680,00;504300,0;-0,00690
19/02/2020;5890,00;5850,00;5910,00;5820,00;723200,0;0,02430
20/02/2020;5880,00;5920,00;6030,00;5850,00;654600,0;-0,00170
21/02/2020;5740,00;5790,00;5840,00;5740,00;537700,0;-0,02380
25/02/2020;5450,00;5440,00;5520,00;5410,00;864200,0;-0,05050
26/02/2020;5480,00;5400,00;5540,00;5390,00;825700,0;0,00550
27/02/2020;5410,00;5420,00;5450,00;5350,00;799700,0;-0,01280
28/02/2020;5300,00;5310,00;5360,00;5240,00;1150000,0;-0,02030
02/03/2020;5340,00;5270,00;5430,00;5200,00;913200,0;0,00750
03/03/2020;5200,00;5370,00;5400,00;5190,00;678700,0;-0,02620
04/03/2020;5200,00;5130,00;5250,00;5080,00;563800,0;0,00000
05/03/2020;5200,00;5250,00;5280,00;5160,00;781200,0;0,00000
06/03/2020;4945,00;5040,00;5080,00;4905,00;1180000,0;-0,04900
09/03/2020;4675,00;4735,00;4735,00;4560,00;1280000,0;-0,05460
10/03/2020;4740,00;4630,00;4770,00;4535,00;1090000,0;0,01390
11/03/2020;4705,00;4670,00;4795,00;4670,00;1080000,0;-0,00740
12/03/2020;4470,00;4635,00;4675,00;4455,00;1080000,0;-0,04990
13/03/2020;4135,00;4065,00;4275,00;3950,00;2050000,0;-0,07490
16/03/2020;3910,00;4120,00;4150,00;3880,00;1350000,0;-0,05440
17/03/2020;3785,00;3800,00;4000,00;3710,00;2120000,0;-0,03200
18/03/2020;3670,00;3815,00;3880,00;3655,00;1810000,0;-0,03040
19/03/2020;3685,00;3740,00;3880,00;3520,00;1770000,0;0,00410
23/03/2020;3750,00;3685,00;3865,00;3590,00;1770000,0;0,01760
24/03/2020;4200,00;3970,00;4220,00;3820,00;1750000,0;0,12000
25/03/2020;4545,00;4340,00;4550,00;4295,00;1320000,0;0,08210
26/03/2020;4290,00;4475,00;4605,00;4220,00;1090000,0;-0,05610
27/03/2020;4530,00;4500,00;4630,00;4430,00;1400000,0;0,05590
30/03/2020;4315,00;4355,00;4435,00;4170,00;1260000,0;-0,04750
31/03/2020;4215,00;4320,00;4405,00;4215,00;1310000,0;-0,02320
01/04/2020;4060,00;4160,00;4285,00;4005,00;831400,0;-0,03680
02/04/2020;3940,00;4020,00;4080,00;3910,00;1080000,0;-0,02960
03/04/2020;3905,00;3955,00;4015,00;3835,00;644700,0;-0,00890
06/04/2020;4075,00;3860,00;4120,00;3855,00;601700,0;0,04350
07/04/2020;4310,00;4200,00;4345,00;4160,00;815300,0;0,05770
08/04/2020;4440,00;4330,00;4460,00;4170,00;679800,0;0,03020
09/04/2020;4350,00;4375,00;4405,00;4305,00;573200,0;-0,02030
10/04/2020;4310,00;4490,00;4490,00;4215,00;732400,0;-0,00920
13/04/2020;4145,00;4240,00;4260,00;4140,00;420500,0;-0,03830
14/04/2020;4400,00;4215,00;4420,00;4200,00;571200,0;0,06150
15/04/2020;4305,00;4400,00;4425,00;4295,00;521600,0;-0,02160
16/04/2020;4230,00;4255,00;4275,00;4170,00;658000,0;-0,01740
17/04/2020;4375,00;4275,00;4380,00;4250,00;564300,0;0,03430
20/04/2020;4260,00;4265,00;4315,00;4205,00;612300,0;-0,02630
21/04/2020;4035,00;4160,00;4175,00;3985,00;787800,0;-0,05280
22/04/2020;3960,00;3910,00;3960,00;3890,00;648200,0;-0,01860
23/04/2020;4195,00;4010,00;4200,00;4010,00;554500,0;0,05930
24/04/2020;4095,00;4175,00;4195,00;4075,00;402700,0;-0,02380
27/04/2020;4225,00;4185,00;4240,00;4140,00;519900,0;0,03170
28/04/2020;4180,00;4235,00;4235,00;4125,00;491500,0;-0,01070
30/04/2020;4380,00;4300,00;4475,00;4265,00;842700,0;0,04780
01/05/2020;4125,00;4320,00;4335,00;4095,00;768300,0;-0,05820
07/05/2020;4115,00;4030,00;4115,00;4010,00;660400,0;-0,00240
08/05/2020;4385,00;4195,00;4385,00;4155,00;1070000,0;0,06560
11/05/2020;4470,00;4425,00;4505,00;4410,00;513500,0;0,01940
12/05/2020;4505,00;4470,00;4510,00;4400,00;450300,0;0,00780
13/05/2020;4535,00;4435,00;4535,00;4415,00;581200,0;0,00670
14/05/2020;4490,00;4485,00;4580,00;4455,00;922100,0;-0,00990
15/05/2020;4665,00;4630,00;4670,00;4555,00;786000,0;0,03900
18/05/2020;4600,00;4665,00;4665,00;4565,00;455100,0;-0,01390
19/05/2020;4855,00;4790,00;4880,00;4780,00;739100,0;0,05540
20/05/2020;4940,00;4890,00;4985,00;4845,00;586100,0;0,01750
21/05/2020;4905,00;4985,00;4990,00;4880,00;509400,0;-0,00710
22/05/2020;4780,00;4975,00;4975,00;4760,00;488800,0;-0,02550
25/05/2020;4910,00;4850,00;4910,00;4815,00;396800,0;0,02720
26/05/2020;5050,00;4930,00;5070,00;4850,00;759500,0;0,02850
27/05/2020;5020,00;5050,00;5060,00;4935,00;770600,0;-0,00590
28/05/2020;5200,00;5090,00;5240,00;5040,00;912800,0;0,03590
29/05/2020;5240,00;5250,00;5330,00;5090,00;1540000,0;0,00770
01/06/2020;5260,00;5230,00;5320,00;5200,00;706000,0;0,00380
02/06/2020;5320,00;5310,00;5390,00;5230,00;406500,0;0,01140
03/06/2020;5510,00;5470,00;5590,00;5450,00;634200,0;0,03570
04/06/2020;5490,00;5700,00;5720,00;5430,00;653000,0;-0,00360
05/06/2020;5480,00;5430,00;5500,00;5390,00;569800,0;-0,00180
08/06/2020;5720,00;5610,00;5750,00;5600,00;700000,0;0,04380
09/06/2020;5580,00;5640,00;5670,00;5500,00;517000,0;-0,02450
10/06/2020;5650,00;5490,00;5670,00;5460,00;540200,0;0,01250
11/06/2020;5440,00;5490,00;5570,00;5420,00;736000,0;-0,03720
12/06/2020;5440,00;5440,00;5470,00;5350,00;1200000,0;0,00000
15/06/2020;5270,00;5390,00;5480,00;5240,00;604300,0;-0,03130
16/06/2020;5590,00;5490,00;5590,00;5470,00;744700,0;0,06070
17/06/2020;5370,00;5510,00;5530,00;5340,00;720200,0;-0,03940
18/06/2020;5370,00;5360,00;5410,00;5310,00;429500,0;0,00000
19/06/2020;5330,00;5420,00;5420,00;5250,00;794400,0;-0,00740
22/06/2020;5160,00;5230,00;5260,00;5130,00;656600,0;-0,03190
23/06/2020;5190,00;5250,00;5250,00;5080,00;624200,0;0,00580
24/06/2020;5180,00;5210,00;5220,00;5140,00;551900,0;-0,00190
25/06/2020;5030,00;5100,00;5120,00;4980,00;544000,0;-0,02900
26/06/2020;5120,00;5120,00;5200,00;5100,00;492900,0;0,01790
29/06/2020;4975,00;5050,00;5080,00;4940,00;582400,0;-0,02830
30/06/2020;5070,00;5050,00;5170,00;5040,00;514900,0;0,01910
01/07/2020;5110,00;5110,00;5160,00;5050,00;387500,0;0,00790
02/07/2020;5070,00;5110,00;5170,00;5060,00;386700,0;-0,00780
03/07/2020;5020,00;5020,00;5080,00;4940,00;394600,0;-0,00990
06/07/2020;5100,00;4975,00;5130,00;4965,00;368900,0;0,01590
07/07/2020;4955,00;5070,00;5070,00;4920,00;662000,0;-0,02840
08/07/2020;4820,00;4910,00;4915,00;4785,00;961800,0;-0,02720
09/07/2020;4760,00;4810,00;4820,00;4685,00;586800,0;-0,01240
10/07/2020;4710,00;4785,00;4795,00;4700,00;798500,0;-0,01050
13/07/2020;4865,00;4835,00;4890,00;4795,00;660600,0;0,03290
14/07/2020;4865,00;4850,00;4905,00;4785,00;669100,0;0,00000
15/07/2020;4920,00;4960,00;4995,00;4885,00;667900,0;0,01130
16/07/2020;4960,00;5060,00;5080,00;4930,00;711200,0;0,00810
17/07/2020;4920,00;5000,00;5020,00;4890,00;727100,0;-0,00810
20/07/2020;4950,00;4965,00;4965,00;4885,00;272400,0;0,00610
21/07/2020;4975,00;4920,00;4990,00;4915,00;420600,0;0,00510
22/07/2020;4965,00;5020,00;5020,00;4950,00;292900,0;-0,00200
27/07/2020;4990,00;4930,00;5010,00;4840,00;490100,0;0,00500
28/07/2020;5040,00;5020,00;5090,00;5010,00;559300,0;0,01000
29/07/2020;4995,00;5040,00;5040,00;4950,00;323100,0;-0,00890
30/07/2020;4990,00;5000,00;5030,00;4935,00;360800,0;-0,00100
31/07/2020;4850,00;4955,00;4955,00;4850,00;427800,0;-0,02810
03/08/2020;5020,00;4900,00;5020,00;4895,00;690300,0;0,03510
04/08/2020;5270,00;5080,00;5290,00;5070,00;687600,0;0,04980
05/08/2020;4875,00;4970,00;4980,00;4755,00;1320000,0;-0,07500
06/08/2020;5070,00;4945,00;5140,00;4940,00;677100,0;0,04000
07/08/2020;5030,00;5110,00;5120,00;5000,00;394400,0;-0,00790
11/08/2020;5130,00;5070,00;5170,00;5070,00;624300,0;0,01990
12/08/2020;5120,00;5080,00;5190,00;5010,00;730400,0;-0,00190
13/08/2020;5180,00;5170,00;5210,00;5140,00;527500,0;0,01170
14/08/2020;5120,00;5200,00;5200,00;5050,00;485800,0;-0,01160
17/08/2020;5100,00;5080,00;5130,00;5060,00;302200,0;-0,00390
18/08/2020;5060,00;5050,00;5120,00;5050,00;248800,0;-0,00780
19/08/2020;5070,00;5070,00;5140,00;5030,00;260000,0;0,00200
20/08/2020;5000,00;5030,00;5080,00;4990,00;295500,0;-0,01380
21/08/2020;4935,00;4980,00;5020,00;4930,00;467100,0;-0,01300
24/08/2020;4925,00;4935,00;4955,00;4890,00;303600,0;-0,00200
25/08/2020;5050,00;4980,00;5100,00;4960,00;519400,0;0,02540
26/08/2020;5000,00;5010,00;5050,00;4970,00;365700,0;-0,00990
27/08/2020;4990,00;5000,00;5020,00;4965,00;299100,0;-0,00200
28/08/2020;5040,00;5060,00;5130,00;4955,00;672500,0;0,01000
31/08/2020;5170,00;5100,00;5230,00;5100,00;1110000,0;0,02580
01/09/2020;5110,00;5130,00;5170,00;5080,00;438500,0;-0,01160
02/09/2020;5060,00;5160,00;5160,00;5020,00;378200,0;-0,00980
03/09/2020;5180,00;5180,00;5200,00;5150,00;317600,0;0,02370
04/09/2020;5070,00;5060,00;5070,00;5040,00;258400,0;-0,02120
07/09/2020;5000,00;5000,00;5040,00;4995,00;353800,0;-0,01380
08/09/2020;5000,00;5020,00;5050,00;4995,00;275600,0;0,00000
09/09/2020;4840,00;4940,00;4940,00;4830,00;608600,0;-0,03200
10/09/2020;4870,00;4900,00;4915,00;4770,00;732800,0;0,00620
11/09/2020;5080,00;4940,00;5080,00;4910,00;1010000,0;0,04310
14/09/2020;5210,00;5080,00;5220,00;5060,00;480500,0;0,02560
15/09/2020;5280,00;5220,00;5310,00;5170,00;617100,0;0,01340
16/09/2020;5190,00;5280,00;5300,00;5160,00;357300,0;-0,01700
17/09/2020;5070,00;5130,00;5190,00;5060,00;356400,0;-0,02310
18/09/2020;5080,00;5110,00;5140,00;5060,00;367700,0;0,00200
23/09/2020;5100,00;5020,00;5130,00;5010,00;353400,0;0,00390
24/09/2020;4980,00;5090,00;5130,00;4960,00;504800,0;-0,02350
25/09/2020;4995,00;4970,00;5040,00;4925,00;601800,0;0,00300
28/09/2020;5150,00;5070,00;5160,00;5050,00;429700,0;0,03100
29/09/2020;5070,00;5140,00;5160,00;5040,00;385500,0;-0,01550
30/09/2020;5020,00;5140,00;5160,00;5010,00;765000,0;-0,00990
02/10/2020;5020,00;5100,00;5120,00;5000,00;499400,0;0,00000
05/10/2020;5130,00;5090,00;5160,00;5080,00;429300,0;0,02190
06/10/2020;5160,00;5170,00;5210,00;5150,00;323000,0;0,00580
07/10/2020;5110,00;5120,00;5140,00;5050,00;259900,0;-0,00970
08/10/2020;5100,00;5170,00;5170,00;5100,00;351700,0;-0,00200
09/10/2020;5050,00;5100,00;5100,00;5000,00;508900,0;-0,00980
12/10/2020;5040,00;5080,00;5090,00;5030,00;239000,0;-0,00200
13/10/2020;5010,00;5030,00;5040,00;4965,00;255100,0;-0,00600
14/10/2020;4945,00;5010,00;5020,00;4930,00;436700,0;-0,01300
15/10/2020;4875,00;4910,00;4950,00;4875,00;293700,0;-0,01420
16/10/2020;4770,00;4840,00;4855,00;4765,00;373600,0;-0,02150
19/10/2020;4850,00;4830,00;4885,00;4825,00;276200,0;0,01680
20/10/2020;4845,00;4830,00;4880,00;4820,00;303300,0;-0,00100
21/10/2020;4890,00;4830,00;4905,00;4825,00;272000,0;0,00930
22/10/2020;4855,00;4875,00;4915,00;4835,00;254000,0;-0,00720
23/10/2020;4915,00;4860,00;4940,00;4855,00;244100,0;0,01240
26/10/2020;5010,00;4895,00;5030,00;4890,00;397900,0;0,01930
27/10/2020;5010,00;4960,00;5020,00;4915,00;287000,0;0,00000
28/10/2020;5020,00;5030,00;5040,00;5000,00;359200,0;0,00200
29/10/2020;4940,00;4920,00;4990,00;4910,00;309900,0;-0,01590
30/10/2020;4920,00;4940,00;4955,00;4875,00;478900,0;-0,00400
02/11/2020;5080,00;4915,00;5120,00;4915,00;498700,0;0,03250
04/11/2020;5150,00;5480,00;5490,00;5080,00;1080000,0;0,01380
05/11/2020;5030,00;5060,00;5080,00;4950,00;662900,0;-0,02330
06/11/2020;5230,00;5060,00;5250,00;5020,00;511900,0;0,03980
09/11/2020;5350,00;5320,00;5400,00;5290,00;663600,0;0,02290
10/11/2020;5490,00;5500,00;5530,00;5440,00;622000,0;0,02620
11/11/2020;5680,00;5690,00;5710,00;5550,00;746200,0;0,03460
12/11/2020;5740,00;5730,00;5750,00;5680,00;874800,0;0,01060
13/11/2020;5730,00;5820,00;5820,00;5650,00;786000,0;-0,00170
16/11/2020;5880,00;5810,00;5900,00;5770,00;529200,0;0,02620
17/11/2020;5890,00;5900,00;5920,00;5790,00;606400,0;0,00170
18/11/2020;5740,00;5890,00;5890,00;5710,00;545200,0;-0,02550
19/11/2020;5740,00;5800,00;5830,00;5690,00;571300,0;0,00000
20/11/2020;5650,00;5640,00;5700,00;5610,00;405800,0;-0,01570
24/11/2020;5960,00;5750,00;5990,00;5750,00;624400,0;0,05490
25/11/2020;5920,00;6050,00;6170,00;5920,00;587800,0;-0,00670
26/11/2020;5840,00;5850,00;5860,00;5740,00;538200,0;-0,01350
27/11/2020;6010,00;5900,00;6030,00;5820,00;643200,0;0,02910
30/11/2020;5960,00;6110,00;6110,00;5960,00;788800,0;-0,00830
01/12/2020;6200,00;6060,00;6280,00;6020,00;718100,0;0,04030
02/12/2020;6290,00;6200,00;6320,00;6100,00;746600,0;0,01450
03/12/2020;6260,00;6190,00;6290,00;6170,00;639300,0;-0,00480
04/12/2020;6490,00;6290,00;6500,00;6290,00;527100,0;0,03670
07/12/2020;6430,00;6510,00;6560,00;6430,00;415700,0;-0,00920
08/12/2020;6390,00;6440,00;6480,00;6370,00;472100,0;-0,00620
09/12/2020;6510,00;6400,00;6540,00;6390,00;574300,0;0,01880
10/12/2020;6490,00;6500,00;6520,00;6450,00;463200,0;-0,00310
11/12/2020;6430,00;6510,00;6520,00;6400,00;639300,0;-0,00920
14/12/2020;6120,00;6150,00;6260,00;6100,00;789000,0;-0,04820
15/12/2020;6070,00;6150,00;6180,00;6030,00;534000,0;-0,00820
16/12/2020;5800,00;5900,00;5980,00;5780,00;1100000,0;-0,04450
17/12/2020;5750,00;5850,00;5870,00;5730,00;557300,0;-0,00860
18/12/2020;5730,00;5770,00;5770,00;5620,00;827700,0;-0,00350
21/12/2020;5750,00;5810,00;5880,00;5720,00;332800,0;0,00350
22/12/2020;5780,00;5730,00;5820,00;5720,00;423900,0;0,00520
23/12/2020;5820,00;5800,00;5850,00;5760,00;221400,0;0,00690
24/12/2020;5830,00;5830,00;5940,00;5810,00;238600,0;0,00170
25/12/2020;5850,00;5900,00;5900,00;5820,00;114400,0;0,00340
28/12/2020;5900,00;5860,00;5950,00;5830,00;259400,0;0,00850
29/12/2020;6120,00;5900,00;6150,00;5900,00;429200,0;0,03730
30/12/2020;6070,00;6150,00;6150,00;6070,00;470800,0;-0,00820
04/01/2021;5990,00;6120,00;6120,00;5950,00;257700,0;-0,01320
05/01/2021;5890,00;5940,00;5990,00;5850,00;426100,0;-0,01670
06/01/2021;5910,00;5880,00;5930,00;5810,00;308800,0;0,00340
07/01/2021;5980,00;6040,00;6130,00;5970,00;475800,0;0,01180
08/01/2021;6200,00;6110,00;6200,00;5950,00;551700,0;0,03680
12/01/2021;6080,00;6030,00;6130,00;5990,00;529900,0;-0,01940
13/01/2021;6120,00;6090,00;6120,00;5980,00;540000,0;0,00660
14/01/2021;6340,00;6160,00;6390,00;6120,00;1150000,0;0,03590
15/01/2021;6190,00;6340,00;6340,00;6170,00;621600,0;-0,02370
18/01/2021;6020,00;6100,00;6110,00;5970,00;576100,0;-0,02750
19/01/2021;5960,00;6020,00;6020,00;5940,00;587200,0;-0,01000
20/01/2021;6070,00;6000,00;6100,00;5950,00;680800,0;0,01850
21/01/2021;6040,00;6040,00;6100,00;6010,00;552800,0;-0,00490
22/01/2021;5980,00;5970,00;6040,00;5920,00;471700,0;-0,00990
25/01/2021;6070,00;5980,00;6070,00;5980,00;338400,0;0,01510
26/01/2021;5960,00;6060,00;6070,00;5920,00;308100,0;-0,01810
27/01/2021;6040,00;6020,00;6070,00;5970,00;293300,0;0,01340
28/01/2021;6040,00;5890,00;6050,00;5890,00;497000,0;0,00000
29/01/2021;5890,00;6000,00;6030,00;5860,00;492700,0;-0,02480
01/02/2021;6150,00;5910,00;6170,00;5900,00;502900,0;0,04410
02/02/2021;6270,00;6150,00;6310,00;6100,00;454000,0;0,01950
03/02/2021;6270,00;6260,00;6320,00;6220,00;446000,0;0,00000
04/02/2021;6130,00;6240,00;6260,00;6100,00;539300,0;-0,02230
05/02/2021;6300,00;6230,00;6430,00;6180,00;758700,0;0,02770
08/02/2021;6360,00;6330,00;6430,00;6320,00;593000,0;0,00950
09/02/2021;6300,00;6380,00;6430,00;6250,00;672700,0;-0,00940
10/02/2021;6200,00;6240,00;6270,00;6120,00;732000,0;-0,01590
12/02/2021;6040,00;6110,00;6140,00;6030,00;785000,0;-0,02580
15/02/2021;6060,00;6070,00;6170,00;6010,00;358100,0;0,00330
16/02/2021;6110,00;6020,00;6210,00;5990,00;624200,0;0,00830
17/02/2021;5920,00;6010,00;6080,00;5920,00;532200,0;-0,03110
18/02/2021;5780,00;5830,00;5920,00;5740,00;723500,0;-0,02360
19/02/2021;5660,00;5820,00;5840,00;5630,00;591700,0;-0,02080
22/02/2021;5770,00;5730,00;5850,00;5680,00;556700,0;0,01940
24/02/2021;5860,00;5800,00;5930,00;5750,00;600600,0;0,01560
25/02/2021;6120,00;6020,00;6140,00;5960,00;762400,0;0,04440
26/02/2021;5930,00;6110,00;6130,00;5930,00;833900,0;-0,03100
01/03/2021;5980,00;6090,00;6090,00;5950,00;466000,0;0,00840
02/03/2021;5860,00;5990,00;6010,00;5860,00;671100,0;-0,02010
03/03/2021;5940,00;5890,00;5990,00;5870,00;617300,0;0,01370
04/03/2021;5980,00;5930,00;6020,00;5890,00;579900,0;0,00670
05/03/2021;6190,00;6040,00;6190,00;5970,00;716800,0;0,03510
08/03/2021;6130,00;6250,00;6260,00;6100,00;434300,0;-0,00970
09/03/2021;6190,00;6230,00;6240,00;6090,00;446800,0;0,00980
10/03/2021;6200,00;6150,00;6210,00;6100,00;424400,0;0,00160
11/03/2021;6230,00;6170,00;6260,00;6110,00;476600,0;0,00480
12/03/2021;6330,00;6240,00;6330,00;6170,00;854200,0;0,01610
15/03/2021;6350,00;6330,00;6400,00;6300,00;379400,0;0,00320
16/03/2021;6360,00;6330,00;6410,00;6270,00;420000,0;0,00160
17/03/2021;6400,00;6380,00;6400,00;6290,00;314400,0;0,00630
18/03/2021;6370,00;6350,00;6440,00;6280,00;421500,0;-0,00470
19/03/2021;6360,00;6340,00;6360,00;6260,00;504800,0;-0,00160
22/03/2021;6090,00;6260,00;6280,00;6060,00;543400,0;-0,04250
23/03/2021;6110,00;6090,00;6170,00;6000,00;625600,0;0,00330
24/03/2021;5940,00;6010,00;6070,00;5910,00;587700,0;-0,02780
25/03/2021;6120,00;5930,00;6130,00;5910,00;536000,0;0,03030
26/03/2021;6080,00;6170,00;6190,00;6030,00;485400,0;-0,00650
29/03/2021;6070,00;6090,00;6130,00;6030,00;628500,0;-0,00160
30/03/2021;6140,00;6070,00;6140,00;6050,00;404200,0;0,01150
31/03/2021;6010,00;6140,00;6160,00;6010,00;452700,0;-0,02120
01/04/2021;6130,00;6040,00;6190,00;6040,00;453900,0;0,02000
02/04/2021;6220,00;6220,00;6260,00;6170,00;310700,0;0,01470
05/04/2021;6350,00;6280,00;6370,00;6220,00;407100,0;0,02090
06/04/2021;6240,00;6340,00;6350,00;6180,00;436900,0;-0,01730
07/04/2021;6250,00;6310,00;6350,00;6160,00;481400,0;0,00160
08/04/2021;6170,00;6300,00;6300,00;6130,00;350600,0;-0,01280
09/04/2021;6340,00;6260,00;6380,00;6220,00;701800,0;0,02760
12/04/2021;6300,00;6340,00;6360,00;6280,00;253800,0;-0,00630
13/04/2021;6380,00;6390,00;6420,00;6340,00;399200,0;0,01270
14/04/2021;6240,00;6320,00;6320,00;6210,00;323900,0;-0,02190
15/04/2021;6240,00;6220,00;6270,00;6210,00;195700,0;0,00000
16/04/2021;6290,00;6260,00;6310,00;6210,00;304400,0;0,00800
19/04/2021;6320,00;6290,00;6320,00;6210,00;263600,0;0,00480
20/04/2021;6130,00;6260,00;6270,00;6110,00;439100,0;-0,03010
21/04/2021;5920,00;6010,00;6020,00;5880,00;489900,0;-0,03430
22/04/2021;6130,00;6060,00;6130,00;5990,00;372500,0;0,03550
23/04/2021;6080,00;6050,00;6090,00;6030,00;221700,0;-0,00820
26/04/2021;6130,00;6100,00;6140,00;6000,00;345900,0;0,00820
27/04/2021;6050,00;6110,00;6130,00;6050,00;366800,0;-0,01310
28/04/2021;6120,00;6080,00;6150,00;6000,00;338400,0;0,01160
30/04/2021;5950,00;6020,00;6020,00;5910,00;540500,0;-0,02780
06/05/2021;6040,00;5960,00;6040,00;5960,00;628000,0;0,01510
07/05/2021;5950,00;6000,00;6000,00;5920,00;483300,0;-0,01490
10/05/2021;6290,00;6050,00;6300,00;6030,00;747300,0;0,05710
11/05/2021;5910,00;6340,00;6340,00;5880,00;819300,0;-0,06040
12/05/2021;6040,00;6010,00;6220,00;5920,00;885400,0;0,02200
13/05/2021;6020,00;6110,00;6170,00;6010,00;535700,0;-0,00330
14/05/2021;6140,00;6080,00;6170,00;6030,00;546700,0;0,01990
17/05/2021;6180,00;6180,00;6200,00;6110,00;333100,0;0,00650
18/05/2021;6380,00;6170,00;6410,00;6160,00;603600,0;0,03240
19/05/2021;6140,00;6210,00;6270,00;6100,00;451400,0;-0,03760
20/05/2021;6130,00;6110,00;6190,00;6070,00;351200,0;-0,00160
21/05/2021;6190,00;6190,00;6240,00;6140,00;309200,0;0,00980
24/05/2021;6350,00;6180,00;6420,00;6180,00;353700,0;0,02580
25/05/2021;6490,00;6430,00;6500,00;6360,00;441900,0;0,02200
26/05/2021;6490,00;6430,00;6530,00;6410,00;373400,0;0,00000
27/05/2021;6480,00;6490,00;6490,00;6380,00;599800,0;-0,00150
28/05/2021;6650,00;6580,00;6700,00;6550,00;567100,0;0,02620
31/05/2021;6570,00;6610,00;6620,00;6530,00;320200,0;-0,01200
01/06/2021;6640,00;6670,00;6700,00;6540,00;382300,0;0,01070
02/06/2021;6620,00;6560,00;6660,00;6550,00;418700,0;-0,00300
03/06/2021;6510,00;6520,00;6660,00;6480,00;407300,0;-0,01660
04/06/2021;6500,00;6470,00;6540,00;6410,00;423400,0;-0,00150
07/06/2021;6490,00;6600,00;6630,00;6480,00;261900,0;-0,00150
08/06/2021;6510,00;6580,00;6600,00;6460,00;251200,0;0,00310
09/06/2021;6440,00;6470,00;6470,00;6400,00;261900,0;-0,01080
10/06/2021;6460,00;6400,00;6490,00;6390,00;277000,0;0,00310
11/06/2021;6430,00;6500,00;6510,00;6390,00;535700,0;-0,00460
14/06/2021;6390,00;6460,00;6500,00;6380,00;217900,0;-0,00620
15/06/2021;6540,00;6340,00;6560,00;6320,00;479600,0;0,02350
16/06/2021;6440,00;6470,00;6510,00;6420,00;312900,0;-0,01530
17/06/2021;6340,00;6340,00;6390,00;6300,00;335500,0;-0,01550
18/06/2021;6290,00;6430,00;6430,00;6260,00;475200,0;-0,00790
21/06/2021;6010,00;6160,00;6170,00;5940,00;752100,0;-0,04450
22/06/2021;6270,00;6200,00;6270,00;6110,00;696300,0;0,04330
23/06/2021;6160,00;6240,00;6260,00;6150,00;347800,0;-0,01750
24/06/2021;6120,00;6100,00;6140,00;6070,00;223300,0;-0,00650
25/06/2021;6190,00;6190,00;6220,00;6150,00;322200,0;0,01140
28/06/2021;6090,00;6140,00;6160,00;6080,00;297100,0;-0,01620
29/06/2021;6020,00;6090,00;6090,00;6000,00;402100,0;-0,01150
30/06/2021;6030,00;6040,00;6080,00;5980,00;372000,0;0,00170
01/07/2021;6040,00;6120,00;6130,00;6010,00;302400,0;0,00170
02/07/2021;6130,00;5990,00;6140,00;5990,00;360800,0;0,01490
05/07/2021;6070,00;6080,00;6110,00;5990,00;297900,0;-0,00980
06/07/2021;6030,00;6160,00;6160,00;6010,00;211700,0;-0,00660
07/07/2021;5960,00;5880,00;5990,00;5870,00;410700,0;-0,01160
08/07/2021;5960,00;5910,00;5990,00;5860,00;586800,0;0,00000
09/07/2021;5890,00;5820,00;5900,00;5750,00;733700,0;-0,01170
12/07/2021;6050,00;6060,00;6070,00;6010,00;397000,0;0,02720
13/07/2021;6100,00;6100,00;6180,00;6060,00;314000,0;0,00830
14/07/2021;6150,00;6000,00;6170,00;6000,00;434400,0;0,00820
15/07/2021;6070,00;6080,00;6100,00;6050,00;327400,0;-0,01300
16/07/2021;6080,00;6020,00;6150,00;6010,00;366800,0;0,00160
19/07/2021;6050,00;6000,00;6070,00;5960,00;348400,0;-0,00490
20/07/2021;5970,00;5990,00;6010,00;5950,00;410800,0;-0,01320
21/07/2021;6030,00;6070,00;6100,00;5980,00;368600,0;0,01010
26/07/2021;6130,00;6190,00;6190,00;6060,00;428100,0;0,01660
27/07/2021;6180,00;6160,00;6190,00;6130,00;312100,0;0,00820
28/07/2021;6140,00;6120,00;6150,00;6070,00;474600,0;-0,00650
29/07/2021;6130,00;6180,00;6210,00;6090,00;350800,0;-0,00160
30/07/2021;6030,00;6070,00;6090,00;6000,00;542500,0;-0,01630
02/08/2021;6100,00;6040,00;6120,00;6030,00;346200,0;0,01160
03/08/2021;6140,00;6030,00;6150,00;6030,00;290100,0;0,00660
04/08/2021;6160,00;6210,00;6220,00;6130,00;378600,0;0,00330
05/08/2021;6220,00;6260,00;6390,00;6160,00;500900,0;0,00970
06/08/2021;6360,00;6240,00;6360,00;6230,00;312700,0;0,02250
10/08/2021;6300,00;6400,00;6430,00;6280,00;391000,0;-0,00940
11/08/2021;6450,00;6400,00;6450,00;6360,00;283400,0;0,02380
12/08/2021;6430,00;6460,00;6460,00;6390,00;200600,0;-0,00310
13/08/2021;6350,00;6450,00;6450,00;6340,00;425200,0;-0,01240
16/08/2021;6220,00;6290,00;6290,00;6180,00;304900,0;-0,02050
17/08/2021;6170,00;6270,00;6320,00;6170,00;207600,0;-0,00800
18/08/2021;6130,00;6180,00;6180,00;6100,00;224400,0;-0,00650
19/08/2021;6040,00;6060,00;6100,00;6020,00;336000,0;-0,01470
20/08/2021;5930,00;5930,00;6010,00;5900,00;439600,0;-0,01820
23/08/2021;6120,00;5970,00;6150,00;5970,00;322200,0;0,03200
24/08/2021;6390,00;6370,00;6450,00;6320,00;703900,0;0,04410
25/08/2021;6410,00;6290,00;6440,00;6230,00;711600,0;0,00310
26/08/2021;6330,00;6410,00;6430,00;6310,00;449000,0;-0,01250
27/08/2021;6350,00;6320,00;6360,00;6250,00;344400,0;0,00320
30/08/2021;6350,00;6450,00;6480,00;6350,00;398000,0;0,00000
31/08/2021;6490,00;6350,00;6510,00;6300,00;692200,0;0,02200
01/09/2021;6790,00;6580,00;6800,00;6580,00;843100,0;0,04620
02/09/2021;6860,00;6800,00;6910,00;6770,00;636700,0;0,01030
03/09/2021;6920,00;6890,00;6920,00;6740,00;603100,0;0,00870
06/09/2021;7160,00;7010,00;7210,00;7010,00;688000,0;0,03470
07/09/2021;7140,00;7210,00;7260,00;7080,00;624600,0;-0,00280
08/09/2021;7100,00;7080,00;7120,00;7010,00;724100,0;-0,00560
09/09/2021;7070,00;6950,00;7100,00;6910,00;724900,0;-0,00420
10/09/2021;7250,00;7070,00;7280,00;7010,00;960200,0;0,02550
13/09/2021;7170,00;7190,00;7230,00;7110,00;414400,0;-0,01100
14/09/2021;7300,00;7160,00;7320,00;7150,00;512600,0;0,01810
15/09/2021;7350,00;7270,00;7360,00;7260,00;467800,0;0,00680
16/09/2021;7420,00;7400,00;7440,00;7360,00;481800,0;0,00950
17/09/2021;7400,00;7450,00;7490,00;7350,00;822600,0;-0,00270
21/09/2021;7270,00;7200,00;7310,00;7180,00;384900,0;-0,01760
22/09/2021;7210,00;7200,00;7280,00;7120,00;456300,0;-0,00830
24/09/2021;7280,00;7360,00;7370,00;7260,00;475200,0;0,00970
27/09/2021;7250,00;7300,00;7320,00;7230,00;366100,0;-0,00410
28/09/2021;7330,00;7250,00;7350,00;7170,00;617600,0;0,01100
29/09/2021;7180,00;7190,00;7250,00;7090,00;590500,0;-0,02050
30/09/2021;7050,00;7230,00;7240,00;7050,00;1020000,0;-0,01810
01/10/2021;6910,00;7050,00;7100,00;6890,00;565900,0;-0,01990
04/10/2021;6920,00;6940,00;7050,00;6870,00;417900,0;0,00140
05/10/2021;6810,00;6750,00;6860,00;6690,00;466600,0;-0,01590
06/10/2021;6690,00;6870,00;6920,00;6590,00;712300,0;-0,01760
07/10/2021;6660,00;6670,00;6740,00;6580,00;554800,0;-0,00450
08/10/2021;6750,00;6750,00;6870,00;6730,00;572700,0;0,01350
11/10/2021;6950,00;6730,00;7010,00;6710,00;476400,0;0,02960
12/10/2021;6970,00;6920,00;7000,00;6890,00;420600,0;0,00290
13/10/2021;6980,00;6990,00;7040,00;6950,00;256100,0;0,00140
14/10/2021;7080,00;7020,00;7120,00;7000,00;384000,0;0,01430
15/10/2021;7260,00;7120,00;7260,00;7110,00;498900,0;0,02540
18/10/2021;7180,00;7250,00;7270,00;7150,00;445000,0;-0,01100
19/10/2021;7240,00;7260,00;7310,00;7210,00;275700,0;0,00840
20/10/2021;7230,00;7320,00;7330,00;7230,00;274900,0;-0,00140
21/10/2021;7110,00;7250,00;7270,00;7110,00;382200,0;-0,01660
22/10/2021;7120,00;7030,00;7150,00;7030,00;415700,0;0,00140
25/10/2021;7150,00;7040,00;7160,00;7040,00;296300,0;0,00420
26/10/2021;7260,00;7240,00;7320,00;7190,00;471100,0;0,01540
27/10/2021;7260,00;7210,00;7280,00;7190,00;313200,0;0,00000
28/10/2021;7200,00;7150,00;7250,00;7130,00;307600,0;-0,00830
29/10/2021;7180,00;7190,00;7230,00;7070,00;454600,0;-0,00280
01/11/2021;7440,00;7390,00;7440,00;7330,00;595100,0;0,03620
02/11/2021;7240,00;7400,00;7410,00;7220,00;553600,0;-0,02690
04/11/2021;6650,00;6680,00;6690,00;6460,00;1770000,0;-0,08150
05/11/2021;6530,00;6750,00;6770,00;6510,00;696000,0;-0,01800
08/11/2021;6520,00;6550,00;6590,00;6470,00;601400,0;-0,00150
09/11/2021;6420,00;6490,00;6580,00;6400,00;519600,0;-0,01530
10/11/2021;6350,00;6350,00;6410,00;6300,00;450700,0;-0,01090
11/11/2021;6490,00;6370,00;6500,00;6360,00;548400,0;0,02200
12/11/2021;6530,00;6480,00;6560,00;6460,00;764700,0;0,00620
15/11/2021;6510,00;6530,00;6560,00;6500,00;441200,0;-0,00310
16/11/2021;6480,00;6480,00;6550,00;6460,00;480800,0;-0,00460
17/11/2021;6340,00;6470,00;6470,00;6320,00;488500,0;-0,02160
18/11/2021;6340,00;6240,00;6380,00;6240,00;522800,0;0,00000
19/11/2021;6420,00;6430,00;6500,00;6400,00;523000,0;0,01260
22/11/2021;6440,00;6320,00;6470,00;6280,00;455600,0;0,00310
24/11/2021;6330,00;6440,00;6500,00;6310,00;415800,0;-0,01710
25/11/2021;6340,00;6350,00;6400,00;6280,00;366500,0;0,00160
26/11/2021;6180,00;6280,00;6290,00;6150,00;667200,0;-0,02520
29/11/2021;6070,00;6180,00;6190,00;6030,00;622500,0;-0,01780
30/11/2021;5820,00;6080,00;6110,00;5820,00;1620000,0;-0,04120
01/12/2021;5910,00;5790,00;5960,00;5770,00;774500,0;0,01550
02/12/2021;5880,00;5770,00;5940,00;5770,00;727500,0;-0,00510
03/12/2021;5910,00;5980,00;5980,00;5810,00;560500,0;0,00510
06/12/2021;5900,00;5850,00;5950,00;5770,00;479700,0;-0,00170
07/12/2021;6000,00;5900,00;6060,00;5830,00;852000,0;0,01690
08/12/2021;6060,00;6040,00;6110,00;6010,00;541700,0;0,01000
09/12/2021;5960,00;6040,00;6050,00;5930,00;401900,0;-0,01650
10/12/2021;5840,00;5860,00;5910,00;5790,00;786300,0;-0,02010
13/12/2021;5850,00;5920,00;5930,00;5840,00;315300,0;0,00170
14/12/2021;5740,00;5840,00;5880,00;5720,00;406700,0;-0,01880
15/12/2021;5790,00;5690,00;5810,00;5680,00;414300,0;0,00870
16/12/2021;5880,00;5880,00;5900,00;5790,00;374500,0;0,01550
17/12/2021;5810,00;5700,00;5810,00;5700,00;894200,0;-0,01190
20/12/2021;5650,00;5710,00;5730,00;5620,00;441800,0;-0,02750
21/12/2021;5730,00;5770,00;5790,00;5710,00;328500,0;0,01420
22/12/2021;5740,00;5740,00;5780,00;5730,00;238100,0;0,00170
23/12/2021;5760,00;5780,00;5790,00;5700,00;237000,0;0,00350
24/12/2021;5710,00;5750,00;5770,00;5710,00;184700,0;-0,00870
27/12/2021;5680,00;5700,00;5700,00;5660,00;193000,0;-0,00530
28/12/2021;5830,00;5780,00;5830,00;5750,00;312900,0;0,02640
29/12/2021;5760,00;5730,00;5810,00;5720,00;328900,0;-0,01200
30/12/2021;5670,00;5700,00;5710,00;5650,00;428100,0;-0,01560
04/01/2022;5780,00;5700,00;5790,00;5660,00;550600,0;0,01940
05/01/2022;5770,00;5780,00;5800,00;5720,00;479200,0;-0,00170
06/01/2022;5640,00;5730,00;5810,00;5630,00;620200,0;-0,02250
07/01/2022;5580,00;5640,00;5680,00;5560,00;513100,0;-0,01060
11/01/2022;5530,00;5590,00;5590,00;5500,00;421500,0;-0,00900
12/01/2022;5630,00;5540,00;5650,00;5540,00;617300,0;0,01810
13/01/2022;5510,00;5570,00;5570,00;5490,00;505900,0;-0,02130
14/01/2022;5390,00;5370,00;5400,00;5330,00;727100,0;-0,02180
17/01/2022;5380,00;5370,00;5400,00;5340,00;367900,0;-0,00190
18/01/2022;5240,00;5380,00;5410,00;5190,00;590100,0;-0,02600
19/01/2022;5180,00;5210,00;5270,00;5140,00;747300,0;-0,01150
20/01/2022;5230,00;5140,00;5260,00;5140,00;619700,0;0,00970
21/01/2022;5240,00;5080,00;5270,00;5080,00;556000,0;0,00190
24/01/2022;5200,00;5150,00;5200,00;5100,00;406000,0;-0,00760
25/01/2022;5160,00;5180,00;5180,00;5090,00;597000,0;-0,00770
26/01/2022;5110,00;5160,00;5180,00;5090,00;380700,0;-0,00970
27/01/2022;4930,00;5150,00;5150,00;4900,00;756100,0;-0,03520
28/01/2022;5100,00;5000,00;5120,00;5000,00;957800,0;0,03450
31/01/2022;5190,00;5130,00;5220,00;5090,00;602000,0;0,01760
01/02/2022;5160,00;5200,00;5250,00;5160,00;486400,0;-0,00580
02/02/2022;5260,00;5260,00;5300,00;5230,00;525500,0;0,01940
03/02/2022;5320,00;5250,00;5340,00;5240,00;508400,0;0,01140
04/02/2022;5280,00;5360,00;5400,00;5260,00;625300,0;-0,00750
07/02/2022;5370,00;5330,00;5390,00;5270,00;709600,0;0,01700
08/02/2022;5540,00;5350,00;5620,00;5320,00;1310000,0;0,03170
09/02/2022;5650,00;5630,00;5770,00;5580,00;1080000,0;0,01990
10/02/2022;5710,00;5700,00;5740,00;5630,00;727500,0;0,01060
14/02/2022;5500,00;5510,00;5590,00;5480,00;644800,0;-0,03680
15/02/2022;5500,00;5540,00;5590,00;5460,00;482300,0;0,00000
16/02/2022;5530,00;5570,00;5610,00;5530,00;439800,0;0,00550
17/02/2022;5430,00;5530,00;5580,00;5410,00;515200,0;-0,01810
18/02/2022;5470,00;5370,00;5510,00;5350,00;482900,0;0,00740
21/02/2022;5460,00;5370,00;5480,00;5320,00;282500,0;-0,00180
22/02/2022;5400,00;5380,00;5420,00;5320,00;329300,0;-0,01100
24/02/2022;5310,00;5400,00;5430,00;5260,00;509800,0;-0,01670
25/02/2022;5340,00;5360,00;5370,00;5260,00;504100,0;0,00560
28/02/2022;5360,00;5370,00;5380,00;5280,00;509000,0;0,00370
01/03/2022;5350,00;5430,00;5450,00;5330,00;505200,0;-0,00190
02/03/2022;5200,00;5330,00;5330,00;5200,00;429300,0;-0,02800
03/03/2022;5280,00;5240,00;5320,00;5240,00;407500,0;0,01540
04/03/2022;5300,00;5280,00;5310,00;5210,00;829300,0;0,00380
07/03/2022;5050,00;5110,00;5150,00;5000,00;493500,0;-0,04720
08/03/2022;4960,00;4960,00;5100,00;4950,00;632900,0;-0,01780
09/03/2022;4875,00;5030,00;5060,00;4875,00;715900,0;-0,01710
10/03/2022;5090,00;5000,00;5110,00;4965,00;795100,0;0,04410
11/03/2022;4880,00;4995,00;5030,00;4840,00;969500,0;-0,04130
14/03/2022;4900,00;4940,00;5030,00;4900,00;377800,0;0,00410
15/03/2022;4905,00;4870,00;4960,00;4855,00;355100,0;0,00100
16/03/2022;4985,00;4930,00;4995,00;4880,00;490300,0;0,01630
17/03/2022;5200,00;5160,00;5200,00;5110,00;461800,0;0,04310
18/03/2022;5190,00;5160,00;5190,00;5110,00;593200,0;-0,00190
22/03/2022;5350,00;5280,00;5400,00;5250,00;753900,0;0,03080
23/03/2022;5420,00;5450,00;5460,00;5350,00;468300,0;0,01310
24/03/2022;5440,00;5340,00;5460,00;5270,00;410700,0;0,00370
25/03/2022;5410,00;5490,00;5500,00;5370,00;382900,0;-0,00550
28/03/2022;5410,00;5420,00;5480,00;5380,00;280600,0;0,00000
29/03/2022;5460,00;5390,00;5460,00;5360,00;459500,0;0,00920
30/03/2022;5450,00;5500,00;5510,00;5360,00;500700,0;-0,00180
31/03/2022;5350,00;5350,00;5430,00;5350,00;586000,0;-0,01830
01/04/2022;5340,00;5270,00;5370,00;5220,00;462100,0;-0,00190
04/04/2022;5340,00;5360,00;5370,00;5300,00;208400,0;0,00000
05/04/2022;5340,00;5410,00;5410,00;5290,00;401500,0;0,00000
06/04/2022;5240,00;5300,00;5350,00;5220,00;500200,0;-0,01870
07/04/2022;5240,00;5190,00;5260,00;5130,00;454800,0;0,00000
08/04/2022;5310,00;5340,00;5340,00;5230,00;690300,0;0,01340
11/04/2022;5260,00;5310,00;5310,00;5240,00;392300,0;-0,00940
12/04/2022;5130,00;5250,00;5250,00;5100,00;414200,0;-0,02470
13/04/2022;5100,00;5180,00;5180,00;5060,00;507300,0;-0,00580
14/04/2022;5150,00;5080,00;5220,00;5080,00;297700,0;0,00980
15/04/2022;5110,00;5120,00;5160,00;5040,00;261700,0;-0,00780
18/04/2022;4965,00;5030,00;5070,00;4935,00;314000,0;-0,02840
19/04/2022;5040,00;5020,00;5070,00;4970,00;336600,0;0,01510
20/04/2022;5120,00;5060,00;5140,00;5050,00;356300,0;0,01590
21/04/2022;5320,00;5110,00;5350,00;5110,00;505500,0;0,03910
22/04/2022;5230,00;5220,00;5280,00;5120,00;487900,0;-0,01690
25/04/2022;5020,00;5100,00;5100,00;5010,00;484600,0;-0,04020
26/04/2022;5110,00;5070,00;5140,00;5020,00;358400,0;0,01790
27/04/2022;4950,00;4970,00;5020,00;4910,00;706100,0;-0,03130
28/04/2022;5000,00;4955,00;5020,00;4915,00;504500,0;0,01010
02/05/2022;5070,00;4955,00;5080,00;4940,00;406400,0;0,01400
06/05/2022;5110,00;5060,00;5160,00;5050,00;387600,0;0,00790
09/05/2022;4935,00;5010,00;5010,00;4915,00;434700,0;-0,03420
10/05/2022;4995,00;4935,00;5030,00;4890,00;409800,0;0,01220
11/05/2022;5020,00;4955,00;5020,00;4940,00;440400,0;0,00500
12/05/2022;5010,00;4930,00;5110,00;4925,00;557900,0;-0,00200
13/05/2022;5150,00;5110,00;5240,00;5040,00;701400,0;0,02790
16/05/2022;5170,00;5250,00;5250,00;5120,00;392900,0;0,00390
17/05/2022;5190,00;5220,00;5280,00;5170,00;432900,0;0,00390
18/05/2022;5250,00;5200,00;5290,00;5190,00;389100,0;0,01160
19/05/2022;5170,00;5050,00;5180,00;5050,00;426400,0;-0,01520
20/05/2022;5240,00;5170,00;5270,00;5160,00;459100,0;0,01350
23/05/2022;5230,00;5290,00;5290,00;5190,00;384100,0;-0,00190
24/05/2022;5130,00;5240,00;5240,00;5110,00;429400,0;-0,01910
25/05/2022;5110,00;5220,00;5220,00;5110,00;532600,0;-0,00390
26/05/2022;5170,00;5200,00;5280,00;5170,00;559300,0;0,01170
27/05/2022;5250,00;5300,00;5330,00;5220,00;343100,0;0,01550
30/05/2022;5390,00;5320,00;5430,00;5290,00;680700,0;0,02670
31/05/2022;5320,00;5410,00;5430,00;5310,00;1340000,0;-0,01300
01/06/2022;5380,00;5290,00;5410,00;5270,00;423500,0;0,01130
02/06/2022;5310,00;5280,00;5330,00;5270,00;296500,0;-0,01300
03/06/2022;5470,00;5430,00;5480,00;5370,00;433000,0;0,03010
06/06/2022;5470,00;5460,00;5510,00;5390,00;427400,0;0,00000
07/06/2022;5500,00;5520,00;5540,00;5480,00;355500,0;0,00550
08/06/2022;5650,00;5540,00;5660,00;5510,00;661500,0;0,02730
09/06/2022;5830,00;5710,00;5900,00;5690,00;1040000,0;0,03190
10/06/2022;5750,00;5790,00;5790,00;5690,00;830400,0;-0,01370
13/06/2022;5470,00;5570,00;5590,00;5450,00;574300,0;-0,04870
14/06/2022;5360,00;5360,00;5380,00;5300,00;411600,0;-0,02010
15/06/2022;5320,00;5390,00;5400,00;5320,00;413700,0;-0,00750
16/06/2022;5340,00;5450,00;5470,00;5330,00;371300,0;0,00380
17/06/2022;5190,00;5150,00;5320,00;5150,00;960200,0;-0,02810
20/06/2022;5180,00;5290,00;5290,00;5090,00;405300,0;-0,00190
21/06/2022;5290,00;5210,00;5360,00;5210,00;407900,0;0,02120
22/06/2022;5290,00;5260,00;5330,00;5250,00;317700,0;0,00000
23/06/2022;5260,00;5270,00;5310,00;5240,00;326000,0;-0,00570
24/06/2022;5400,00;5310,00;5430,00;5270,00;494200,0;0,02660
27/06/2022;5520,00;5490,00;5540,00;5470,00;279300,0;0,02220
28/06/2022;5570,00;5530,00;5590,00;5510,00;347300,0;0,00910
29/06/2022;5730,00;5730,00;5740,00;5580,00;1020000,0;0,02870
30/06/2022;5600,00;5750,00;5750,00;5550,00;835000,0;-0,02270
01/07/2022;5530,00;5630,00;5700,00;5510,00;506800,0;-0,01250
04/07/2022;5650,00;5590,00;5680,00;5590,00;324400,0;0,02170
05/07/2022;5640,00;5730,00;5730,00;5620,00;323600,0;-0,00180
06/07/2022;5600,00;5500,00;5620,00;5500,00;382400,0;-0,00710
07/07/2022;5680,00;5650,00;5700,00;5590,00;468100,0;0,01430
08/07/2022;5630,00;5680,00;5740,00;5620,00;750600,0;-0,00880
11/07/2022;5630,00;5750,00;5770,00;5630,00;368000,0;0,00000
12/07/2022;5410,00;5610,00;5610,00;5400,00;439400,0;-0,03910
13/07/2022;5430,00;5440,00;5510,00;5410,00;284300,0;0,00370
14/07/2022;5500,00;5400,00;5540,00;5380,00;343600,0;0,01290
15/07/2022;5430,00;5460,00;5490,00;5420,00;304500,0;-0,01270
19/07/2022;5470,00;5400,00;5490,00;5370,00;435300,0;0,00740
20/07/2022;5670,00;5570,00;5680,00;5540,00;358900,0;0,03660
21/07/2022;5750,00;5680,00;5750,00;5650,00;391400,0;0,01410
22/07/2022;5800,00;5760,00;5830,00;5710,00;340800,0;0,00870
25/07/2022;5690,00;5780,00;5780,00;5680,00;290400,0;-0,01900
26/07/2022;5680,00;5700,00;5710,00;5640,00;170000,0;-0,00180
27/07/2022;5600,00;5580,00;5640,00;5540,00;399300,0;-0,01410
28/07/2022;5600,00;5610,00;5630,00;5550,00;347000,0;0,00000
29/07/2022;5640,00;5650,00;5710,00;5610,00;346000,0;0,00710
01/08/2022;5690,00;5700,00;5700,00;5620,00;279700,0;0,00890
02/08/2022;5570,00;5610,00;5610,00;5550,00;290000,0;-0,02110
03/08/2022;5600,00;5610,00;5640,00;5560,00;337300,0;0,00540
04/08/2022;5520,00;5520,00;5590,00;5490,00;400200,0;-0,01430
05/08/2022;5470,00;5570,00;5570,00;5400,00;335700,0;-0,00910
08/08/2022;5490,00;5450,00;5510,00;5400,00;332900,0;0,00370
09/08/2022;5490,00;5520,00;5530,00;5440,00;223700,0;0,00000
10/08/2022;5530,00;5510,00;5550,00;5500,00;356000,0;0,00730
12/08/2022;5680,00;5730,00;5730,00;5610,00;812000,0;0,02710
15/08/2022;5740,00;5680,00;5750,00;5650,00;328000,0;0,01060
16/08/2022;5760,00;5790,00;5810,00;5730,00;366000,0;0,00350
17/08/2022;5820,00;5780,00;5840,00;5760,00;490100,0;0,01040
18/08/2022;5660,00;5750,00;5750,00;5660,00;292300,0;-0,02750
19/08/2022;5690,00;5760,00;5770,00;5670,00;273500,0;0,00530
22/08/2022;5660,00;5630,00;5680,00;5600,00;307100,0;-0,00530
23/08/2022;5580,00;5630,00;5640,00;5530,00;398600,0;-0,01410
24/08/2022;5520,00;5520,00;5550,00;5490,00;366500,0;-0,01080
25/08/2022;5520,00;5580,00;5580,00;5510,00;246700,0;0,00000
26/08/2022;5670,00;5600,00;5680,00;5570,00;339700,0;0,02720
29/08/2022;5410,00;5450,00;5480,00;5380,00;521300,0;-0,04590
30/08/2022;5400,00;5400,00;5430,00;5320,00;387600,0;-0,00180
31/08/2022;5460,00;5360,00;5470,00;5350,00;539000,0;0,01110
01/09/2022;5320,00;5360,00;5370,00;5280,00;473700,0;-0,02560
02/09/2022;5360,00;5340,00;5380,00;5300,00;325800,0;0,00750
05/09/2022;5310,00;5350,00;5360,00;5300,00;285600,0;-0,00930
06/09/2022;5310,00;5310,00;5350,00;5280,00;212700,0;0,00000
07/09/2022;5220,00;5110,00;5230,00;5110,00;554600,0;-0,01690
08/09/2022;5350,00;5260,00;5370,00;5230,00;549700,0;0,02490
09/09/2022;5370,00;5450,00;5450,00;5340,00;774300,0;0,00370
12/09/2022;5390,00;5450,00;5450,00;5380,00;291000,0;0,00370
13/09/2022;5410,00;5400,00;5450,00;5380,00;325100,0;0,00370
14/09/2022;5210,00;5210,00;5280,00;5210,00;680400,0;-0,03700
15/09/2022;5200,00;5280,00;5280,00;5200,00;315800,0;-0,00190
16/09/2022;5150,00;5160,00;5170,00;5120,00;650300,0;-0,00960
20/09/2022;5180,00;5200,00;5210,00;5160,00;690200,0;0,00580
21/09/2022;5100,00;5080,00;5140,00;5070,00;633700,0;-0,01540
22/09/2022;5040,00;5050,00;5090,00;5030,00;544600,0;-0,01180
26/09/2022;4815,00;4905,00;4925,00;4790,00;718800,0;-0,04460
27/09/2022;4790,00;4865,00;4875,00;4770,00;566300,0;-0,00520
28/09/2022;4885,00;4775,00;4890,00;4775,00;1320000,0;0,01980
29/09/2022;5190,00;5060,00;5220,00;5020,00;1720000,0;0,06240
30/09/2022;5140,00;5160,00;5220,00;5100,00;1520000,0;-0,00960
03/10/2022;5290,00;5300,00;5310,00;5130,00;1030000,0;0,02920
04/10/2022;5400,00;5360,00;5400,00;5300,00;780900,0;0,02080
05/10/2022;5350,00;5400,00;5400,00;5290,00;696600,0;-0,00930
06/10/2022;5400,00;5320,00;5450,00;5300,00;609300,0;0,00930
07/10/2022;5390,00;5350,00;5410,00;5320,00;429100,0;-0,00190
11/10/2022;5190,00;5300,00;5300,00;5170,00;552900,0;-0,03710
12/10/2022;5190,00;5190,00;5210,00;5150,00;407200,0;0,00000
13/10/2022;5160,00;5210,00;5210,00;5110,00;407400,0;-0,00580
14/10/2022;5340,00;5240,00;5410,00;5240,00;791500,0;0,03490
17/10/2022;5350,00;5240,00;5350,00;5230,00;370300,0;0,00190
18/10/2022;5600,00;5540,00;5630,00;5510,00;839500,0;0,04670
19/10/2022;5650,00;5650,00;5680,00;5610,00;642200,0;0,00890
20/10/2022;5570,00;5590,00;5610,00;5540,00;541900,0;-0,01420
21/10/2022;5450,00;5480,00;5570,00;5440,00;542200,0;-0,02150
24/10/2022;5510,00;5550,00;5590,00;5510,00;381400,0;0,01100
25/10/2022;5570,00;5560,00;5580,00;5490,00;391700,0;0,01090
26/10/2022;5620,00;5610,00;5670,00;5600,00;470200,0;0,00900
27/10/2022;5630,00;5610,00;5660,00;5590,00;380800,0;0,00180
28/10/2022;5520,00;5580,00;5600,00;5490,00;1040000,0;-0,01950
31/10/2022;5620,00;5620,00;5660,00;5580,00;508500,0;0,01810
01/11/2022;5640,00;5640,00;5670,00;5610,00;315600,0;0,00360
02/11/2022;5600,00;5540,00;5660,00;5540,00;616600,0;-0,00710
04/11/2022;5320,00;5500,00;5520,00;5280,00;952500,0;-0,05000
07/11/2022;5390,00;5330,00;5450,00;5330,00;590500,0;0,01320
08/11/2022;5440,00;5440,00;5510,00;5430,00;379500,0;0,00930
09/11/2022;5360,00;5410,00;5440,00;5340,00;564600,0;-0,01470
10/11/2022;5280,00;5290,00;5320,00;5230,00;554800,0;-0,01490
11/11/2022;5440,00;5480,00;5510,00;5400,00;920300,0;0,03030
14/11/2022;5460,00;5450,00;5490,00;5430,00;447500,0;0,00370
15/11/2022;5390,00;5430,00;5450,00;5380,00;325100,0;-0,01280
16/11/2022;5430,00;5400,00;5430,00;5310,00;438600,0;0,00740
17/11/2022;5350,00;5400,00;5400,00;5340,00;360200,0;-0,01470
18/11/2022;5370,00;5350,00;5400,00;5310,00;387000,0;0,00370
21/11/2022;5340,00;5320,00;5350,00;5270,00;322600,0;-0,00560
22/11/2022;5280,00;5300,00;5370,00;5270,00;446600,0;-0,01120
24/11/2022;5360,00;5340,00;5400,00;5310,00;451400,0;0,01520
25/11/2022;5320,00;5410,00;5420,00;5290,00;340500,0;-0,00750
28/11/2022;5350,00;5300,00;5360,00;5280,00;317300,0;0,00560
29/11/2022;5410,00;5420,00;5440,00;5380,00;404600,0;0,01120
30/11/2022;5410,00;5380,00;5440,00;5360,00;681300,0;0,00000
01/12/2022;5470,00;5570,00;5570,00;5450,00;484900,0;0,01110
02/12/2022;5350,00;5450,00;5450,00;5280,00;522600,0;-0,02190
05/12/2022;5370,00;5390,00;5390,00;5310,00;416800,0;0,00370
06/12/2022;5400,00;5350,00;5480,00;5350,00;424000,0;0,00560
07/12/2022;5390,00;5370,00;5440,00;5360,00;402400,0;-0,00190
08/12/2022;5370,00;5420,00;5420,00;5320,00;357600,0;-0,00370
09/12/2022;5480,00;5370,00;5480,00;5360,00;654600,0;0,02050
12/12/2022;5480,00;5420,00;5530,00;5420,00;326800,0;0,00000
13/12/2022;5470,00;5560,00;5570,00;5460,00;291700,0;-0,00180
14/12/2022;5500,00;5510,00;5520,00;5490,00;322500,0;0,00550
15/12/2022;5430,00;5450,00;5480,00;5410,00;233500,0;-0,01270
16/12/2022;5340,00;5330,00;5370,00;5300,00;486900,0;-0,01660
19/12/2022;5190,00;5240,00;5260,00;5150,00;581300,0;-0,02810
20/12/2022;5040,00;5220,00;5220,00;4970,00;538000,0;-0,02890
21/12/2022;4960,00;5010,00;5020,00;4935,00;380700,0;-0,01590
22/12/2022;4965,00;5010,00;5010,00;4935,00;259600,0;0,00100
23/12/2022;4870,00;4880,00;4920,00;4860,00;351200,0;-0,01910
26/12/2022;4890,00;4895,00;4935,00;4870,00;308700,0;0,00410
27/12/2022;4875,00;4900,00;4930,00;4865,00;341800,0;-0,00310
28/12/2022;4905,00;4830,00;4915,00;4805,00;414800,0;0,00620
29/12/2022;4880,00;4870,00;4930,00;4850,00;437400,0;-0,00510
30/12/2022;4920,00;4915,00;4950,00;4890,00;513200,0;0,00820
04/01/2023;4820,00;4850,00;4855,00;4790,00;424600,0;-0,02030
05/01/2023;4785,00;4835,00;4835,00;4780,00;386400,0;-0,00730
06/01/2023;4780,00;4775,00;4800,00;4755,00;324700,0;-0,00100
10/01/2023;4770,00;4795,00;4830,00;4720,00;527500,0;-0,00210
11/01/2023;4830,00;4810,00;4845,00;4800,00;406200,0;0,01260
12/01/2023;4815,00;4900,00;4900,00;4795,00;392100,0;-0,00310
13/01/2023;4780,00;4850,00;4860,00;4755,00;735400,0;-0,00730
16/01/2023;4635,00;4710,00;4710,00;4605,00;650000,0;-0,03030
17/01/2023;4730,00;4650,00;4750,00;4645,00;499900,0;0,02050
18/01/2023;4850,00;4770,00;4870,00;4740,00;614700,0;0,02540
19/01/2023;4775,00;4760,00;4820,00;4740,00;494200,0;-0,01550
20/01/2023;4780,00;4780,00;4795,00;4735,00;486000,0;0,00100
23/01/2023;4815,00;4845,00;4845,00;4785,00;487700,0;0,00730
24/01/2023;4965,00;4885,00;4985,00;4880,00;574400,0;0,03120
25/01/2023;4990,00;4920,00;5010,00;4915,00;474000,0;0,00500
26/01/2023;5000,00;4995,00;5010,00;4975,00;451200,0;0,00200
27/01/2023;5030,00;4980,00;5070,00;4975,00;457000,0;0,00600
30/01/2023;5010,00;5020,00;5060,00;4995,00;364700,0;-0,00400
31/01/2023;5020,00;5060,00;5080,00;5000,00;516500,0;0,00200
01/02/2023;4975,00;5060,00;5060,00;4965,00;373400,0;-0,00900
02/02/2023;4940,00;5040,00;5040,00;4935,00;295200,0;-0,00700
03/02/2023;5020,00;5010,00;5060,00;4990,00;424600,0;0,01620
06/02/2023;5110,00;5120,00;5220,00;5110,00;845700,0;0,01790
07/02/2023;5090,00;5100,00;5130,00;5030,00;470600,0;-0,00390
08/02/2023;5010,00;5040,00;5070,00;4930,00;1200000,0;-0,01570
09/02/2023;5020,00;4950,00;5050,00;4920,00;507300,0;0,00200
10/02/2023;5030,00;5060,00;5080,00;4955,00;917800,0;0,00200
13/02/2023;4960,00;5010,00;5020,00;4920,00;318700,0;-0,01390
14/02/2023;5000,00;5020,00;5030,00;4960,00;339100,0;0,00810
15/02/2023;4980,00;4980,00;5000,00;4950,00;394700,0;-0,00400
16/02/2023;5000,00;5010,00;5030,00;4985,00;309500,0;0,00400
17/02/2023;4950,00;4965,00;4985,00;4935,00;450600,0;-0,01000
20/02/2023;4955,00;4955,00;4970,00;4930,00;468300,0;0,00100
21/02/2023;5110,00;5010,00;5140,00;4995,00;633400,0;0,03130
22/02/2023;5010,00;5080,00;5100,00;4975,00;609800,0;-0,01960
24/02/2023;5160,00;5060,00;5160,00;5040,00;603700,0;0,02990
27/02/2023;5110,00;5100,00;5140,00;5080,00;533300,0;-0,00970
28/02/2023;5170,00;5120,00;5180,00;5110,00;1160000,0;0,01170
01/03/2023;5140,00;5100,00;5140,00;5080,00;515200,0;-0,00580
02/03/2023;5140,00;5080,00;5150,00;5080,00;756800,0;0,00000
03/03/2023;5240,00;5160,00;5270,00;5130,00;976400,0;0,01950
06/03/2023;5280,00;5290,00;5320,00;5250,00;556800,0;0,00760
07/03/2023;5220,00;5260,00;5300,00;5210,00;675300,0;-0,01140
08/03/2023;5230,00;5190,00;5240,00;5160,00;407500,0;0,00190
09/03/2023;5220,00;5230,00;5280,00;5210,00;518200,0;-0,00190
10/03/2023;5150,00;5150,00;5190,00;5120,00;1010000,0;-0,01340
13/03/2023;5030,00;5090,00;5120,00;4995,00;559800,0;-0,02330
14/03/2023;4920,00;4940,00;4965,00;4895,00;635900,0;-0,02190
15/03/2023;4885,00;4930,00;4940,00;4855,00;486600,0;-0,00710
16/03/2023;4850,00;4785,00;4850,00;4760,00;529200,0;-0,00720
17/03/2023;4895,00;4920,00;4930,00;4850,00;602100,0;0,00930
20/03/2023;4865,00;4880,00;4950,00;4865,00;422800,0;-0,00610
22/03/2023;4955,00;4960,00;4975,00;4900,00;527300,0;0,01850
23/03/2023;4960,00;4905,00;4975,00;4895,00;350700,0;0,00100
24/03/2023;4960,00;4960,00;4965,00;4925,00;392300,0;0,00000
27/03/2023;4960,00;4975,00;4980,00;4935,00;359100,0;0,00000
28/03/2023;4955,00;4970,00;4980,00;4940,00;305600,0;-0,00100
29/03/2023;5040,00;4970,00;5060,00;4930,00;596100,0;0,01720
30/03/2023;5070,00;5040,00;5080,00;5020,00;560800,0;0,00600
31/03/2023;5090,00;5110,00;5140,00;5070,00;885800,0;0,00390
03/04/2023;5110,00;5120,00;5140,00;5080,00;604900,0;0,00390
04/04/2023;5200,00;5110,00;5220,00;5100,00;599900,0;0,01760
05/04/2023;5060,00;5110,00;5170,00;5040,00;614500,0;-0,02690
06/04/2023;5010,00;5030,00;5070,00;4995,00;611500,0;-0,00990
07/04/2023;5040,00;5030,00;5060,00;5010,00;285700,0;0,00600
10/04/2023;5090,00;5070,00;5130,00;5070,00;388400,0;0,00990
11/04/2023;5180,00;5170,00;5210,00;5140,00;657200,0;0,01770
12/04/2023;5210,00;5190,00;5230,00;5150,00;500800,0;0,00580
13/04/2023;5230,00;5200,00;5250,00;5180,00;415700,0;0,00380
14/04/2023;5240,00;5290,00;5290,00;5210,00;758200,0;0,00190
17/04/2023;5280,00;5230,00;5300,00;5230,00;350400,0;0,00760
18/04/2023;5320,00;5310,00;5340,00;5250,00;453700,0;0,00760
19/04/2023;5240,00;5260,00;5310,00;5240,00;599600,0;-0,01500
20/04/2023;5250,00;5210,00;5250,00;5160,00;458700,0;0,00190
21/04/2023;5220,00;5240,00;5260,00;5210,00;362500,0;-0,00570
24/04/2023;5280,00;5260,00;5290,00;5230,00;286100,0;0,01150
25/04/2023;5260,00;5280,00;5300,00;5250,00;342700,0;-0,00380
26/04/2023;5160,00;5200,00;5210,00;5130,00;506500,0;-0,01900
27/04/2023;5220,00;5150,00;5230,00;5130,00;631100,0;0,01160
28/04/2023;5330,00;5240,00;5340,00;5220,00;641800,0;0,02110
01/05/2023;5400,00;5360,00;5400,00;5340,00;478100,0;0,01310
02/05/2023;5370,00;5420,00;5420,00;5350,00;444200,0;-0,00560
08/05/2023;5350,00;5390,00;5400,00;5330,00;386900,0;-0,00370
09/05/2023;5400,00;5350,00;5410,00;5340,00;422200,0;0,00930
10/05/2023;5370,00;5340,00;5380,00;5320,00;666400,0;-0,00560
11/05/2023;5310,00;5380,00;5430,00;5290,00;538200,0;-0,01120
12/05/2023;5310,00;5400,00;5400,00;5300,00;768000,0;0,00000
15/05/2023;5390,00;5360,00;5390,00;5300,00;447100,0;0,01510
16/05/2023;5490,00;5420,00;5540,00;5390,00;796100,0;0,01860
17/05/2023;5450,00;5500,00;5510,00;5430,00;525700,0;-0,00730
18/05/2023;5500,00;5500,00;5540,00;5470,00;501800,0;0,00920
19/05/2023;5580,00;5590,00;5600,00;5550,00;414000,0;0,01450
22/05/2023;5680,00;5560,00;5680,00;5530,00;533600,0;0,01790
23/05/2023;5640,00;5700,00;5750,00;5620,00;654800,0;-0,00700
24/05/2023;5580,00;5630,00;5650,00;5580,00;573100,0;-0,01060
25/05/2023;5550,00;5540,00;5620,00;5520,00;741800,0;-0,00540
26/05/2023;5560,00;5610,00;5610,00;5550,00;488700,0;0,00180
29/05/2023;5670,00;5660,00;5720,00;5640,00;616500,0;0,01980
30/05/2023;5640,00;5650,00;5680,00;5590,00;465700,0;-0,00530
31/05/2023;5530,00;5540,00;5560,00;5450,00;1550000,0;-0,01950
01/06/2023;5520,00;5490,00;5540,00;5440,00;511300,0;-0,00180
02/06/2023;5550,00;5520,00;5560,00;5510,00;449100,0;0,00540
05/06/2023;5690,00;5609,00;5699,00;5609,00;502200,0;0,02520
06/06/2023;5755,00;5652,00;5767,00;5625,00;498800,0;0,01140
07/06/2023;5682,00;5800,00;5837,00;5681,00;745000,0;-0,01270
08/06/2023;5546,00;5660,00;5681,00;5515,00;621000,0;-0,02390
09/06/2023;5576,00;5618,00;5625,00;5520,00;967700,0;0,00540
12/06/2023;5583,00;5591,00;5639,00;5520,00;381200,0;0,00130
13/06/2023;5673,00;5639,00;5695,00;5632,00;505600,0;0,01610
14/06/2023;5800,00;5718,00;5847,00;5698,00;592700,0;0,02240
15/06/2023;5834,00;5805,00;5876,00;5795,00;480000,0;0,00590
16/06/2023;5760,00;5801,00;5818,00;5691,00;818800,0;-0,01270
19/06/2023;5723,00;5789,00;5789,00;5681,00;423300,0;-0,00640
20/06/2023;5696,00;5697,00;5722,00;5652,00;463100,0;-0,00470
21/06/2023;5657,00;5635,00;5685,00;5601,00;376300,0;-0,00680
22/06/2023;5698,00;5650,00;5733,00;5646,00;490700,0;0,00720
23/06/2023;5536,00;5709,00;5741,00;5491,00;511000,0;-0,02840
26/06/2023;5480,00;5535,00;5542,00;5444,00;382300,0;-0,01010
27/06/2023;5449,00;5475,00;5475,00;5378,00;503100,0;-0,00570
28/06/2023;5543,00;5463,00;5544,00;5432,00;478200,0;0,01730
29/06/2023;5512,00;5549,00;5585,00;5489,00;496800,0;-0,00560
30/06/2023;5506,00;5470,00;5513,00;5434,00;580000,0;-0,00110
03/07/2023;5538,00;5525,00;5598,00;5519,00;400600,0;0,00580
04/07/2023;5551,00;5595,00;5610,00;5538,00;402600,0;0,00230
05/07/2023;5481,00;5480,00;5520,00;5453,00;395300,0;-0,01260
06/07/2023;5369,00;5447,00;5453,00;5325,00;494100,0;-0,02040
07/07/2023;5270,00;5276,00;5346,00;5249,00;641700,0;-0,01840
10/07/2023;5253,00;5250,00;5297,00;5206,00;597300,0;-0,00320
11/07/2023;5268,00;5286,00;5326,00;5236,00;350800,0;0,00290
12/07/2023;5180,00;5265,00;5279,00;5168,00;357600,0;-0,01670
13/07/2023;5258,00;5195,00;5278,00;5153,00;351200,0;0,01510
14/07/2023;5266,00;5259,00;5349,00;5223,00;662900,0;0,00150
18/07/2023;5288,00;5274,00;5320,00;5259,00;345800,0;0,00420
19/07/2023;5369,00;5341,00;5369,00;5293,00;344900,0;0,01530
20/07/2023;5273,00;5371,00;5380,00;5266,00;321900,0;-0,01790
21/07/2023;5244,00;5224,00;5300,00;5186,00;408800,0;-0,00550
24/07/2023;5332,00;5323,00;5363,00;5301,00;402600,0;0,01680
25/07/2023;5351,00;5333,00;5364,00;5323,00;451500,0;0,00360
26/07/2023;5346,00;5307,00;5349,00;5279,00;336100,0;-0,00090
27/07/2023;5488,00;5394,00;5511,00;5341,00;770500,0;0,02660
28/07/2023;5454,00;5334,00;5487,00;5289,00;918500,0;-0,00620
31/07/2023;5500,00;5505,00;5560,00;5468,00;655700,0;0,00840
01/08/2023;5524,00;5530,00;5560,00;5500,00;502900,0;0,00440
02/08/2023;5457,00;5450,00;5529,00;5409,00;600800,0;-0,01210
03/08/2023;4662,00;4906,00;4924,00;4650,00;3140000,0;-0,14570
04/08/2023;4480,00;4650,00;4655,00;4480,00;2660000,0;-0,03900
07/08/2023;4674,00;4500,00;4681,00;4442,00;1360000,0;0,04330
08/08/2023;4562,00;4637,00;4656,00;4542,00;1090000,0;-0,02400
09/08/2023;4608,00;4550,00;4623,00;4523,00;821500,0;0,01010
10/08/2023;4630,00;4579,00;4646,00;4576,00;782900,0;0,00480
14/08/2023;4577,00;4697,00;4717,00;4570,00;715400,0;-0,01140
15/08/2023;4580,00;4607,00;4617,00;4574,00;514700,0;0,00070
16/08/2023;4487,00;4532,00;4539,00;4479,00;725100,0;-0,02030
17/08/2023;4459,00;4468,00;4474,00;4417,00;645100,0;-0,00620
18/08/2023;4469,00;4420,00;4476,00;4402,00;541000,0;0,00220
21/08/2023;4466,00;4477,00;4492,00;4442,00;435500,0;-0,00070
22/08/2023;4480,00;4470,00;4520,00;4449,00;479700,0;0,00310
23/08/2023;4542,00;4478,00;4552,00;4461,00;539100,0;0,01380
24/08/2023;4495,00;4495,00;4516,00;4476,00;790100,0;-0,01030
25/08/2023;4469,00;4425,00;4480,00;4425,00;558800,0;-0,00580
28/08/2023;4529,00;4502,00;4543,00;4498,00;507600,0;0,01340
29/08/2023;4528,00;4545,00;4563,00;4520,00;620800,0;-0,00020
30/08/2023;4514,00;4525,00;4541,00;4501,00;794000,0;-0,00310
31/08/2023;4499,00;4450,00;4520,00;4443,00;1330000,0;-0,00330
01/09/2023;4507,00;4480,00;4525,00;4465,00;651500,0;0,00180
04/09/2023;4538,00;4522,00;4538,00;4491,00;624200,0;0,00690
05/09/2023;4548,00;4558,00;4559,00;4518,00;521800,0;0,00220
06/09/2023;4550,00;4540,00;4558,00;4521,00;740600,0;0,00040
07/09/2023;4450,00;4530,00;4530,00;4443,00;1780000,0;-0,02200
08/09/2023;4300,00;4391,00;4417,00;4300,00;2460000,0;-0,03370
11/09/2023;4286,00;4303,00;4321,00;4280,00;772000,0;-0,00330
12/09/2023;4324,00;4299,00;4324,00;4245,00;1360000,0;0,00890
13/09/2023;4303,00;4324,00;4324,00;4286,00;753900,0;-0,00490
14/09/2023;4329,00;4331,00;4348,00;4307,00;845900,0;0,00600
15/09/2023;4340,00;4373,00;4373,00;4325,00;2190000,0;0,00250
19/09/2023;4315,00;4305,00;4336,00;4289,00;961700,0;-0,00580
20/09/2023;4240,00;4300,00;4301,00;4233,00;1060000,0;-0,01740
21/09/2023;4148,00;4229,00;4233,00;4144,00;1260000,0;-0,02170
22/09/2023;4189,00;4129,00;4218,00;4120,00;840000,0;0,00990
25/09/2023;4165,00;4121,00;4174,00;4107,00;1140000,0;-0,00570
26/09/2023;4061,00;4161,00;4163,00;4061,00;1630000,0;-0,02500
27/09/2023;4103,00;4050,00;4103,00;4026,00;1060000,0;0,01030
28/09/2023;4049,00;4073,00;4075,00;4009,00;1050000,0;-0,01320
29/09/2023;4086,00;4119,00;4124,00;4047,00;1410000,0;0,00910
02/10/2023;4087,00;4150,00;4202,00;4087,00;995700,0;0,00020
03/10/2023;4002,00;4058,00;4064,00;3986,00;1150000,0;-0,02080
04/10/2023;4039,00;3941,00;4085,00;3936,00;1420000,0;0,00920
05/10/2023;4092,00;4064,00;4099,00;4007,00;876700,0;0,01310
06/10/2023;4073,00;4100,00;4118,00;4068,00;580400,0;-0,00460
10/10/2023;4105,00;4070,00;4135,00;4070,00;773700,0;0,00790
11/10/2023;4105,00;4140,00;4141,00;4105,00;785900,0;0,00000
12/10/2023;4165,00;4109,00;4175,00;4101,00;706300,0;0,01460
13/10/2023;4098,00;4116,00;4142,00;4081,00;606300,0;-0,01610
16/10/2023;4019,00;4059,00;4078,00;4003,00;538700,0;-0,01930
17/10/2023;4024,00;4040,00;4077,00;4007,00;538500,0;0,00120
18/10/2023;4040,00;4063,00;4068,00;4010,00;454100,0;0,00400
19/10/2023;3970,00;4003,00;4005,00;3970,00;487300,0;-0,01730
20/10/2023;3945,00;3937,00;3969,00;3924,00;715400,0;-0,00630
23/10/2023;3890,00;3910,00;3925,00;3879,00;590200,0;-0,01390
24/10/2023;3887,00;3885,00;3916,00;3818,00;734800,0;-0,00080
25/10/2023;3954,00;3957,00;3986,00;3924,00;566200,0;0,01720
26/10/2023;3900,00;3900,00;3941,00;3887,00;557200,0;-0,01370
27/10/2023;3964,00;3920,00;3981,00;3915,00;615400,0;0,01640
30/10/2023;3935,00;3920,00;3941,00;3898,00;572600,0;-0,00730
31/10/2023;3979,00;3935,00;4007,00;3928,00;943400,0;0,01120
01/11/2023;4080,00;4096,00;4101,00;4043,00;871700,0;0,02540
02/11/2023;3730,00;3820,00;3833,00;3721,00;2560000,0;-0,08580
06/11/2023;3762,00;3791,00;3791,00;3731,00;1890000,0;0,00860
07/11/2023;3639,00;3720,00;3725,00;3633,00;1700000,0;-0,03270
08/11/2023;3570,00;3637,00;3642,00;3570,00;1690000,0;-0,01900
09/11/2023;3647,00;3555,00;3661,00;3525,00;1410000,0;0,02160
10/11/2023;3604,00;3610,00;3621,00;3563,00;1320000,0;-0,01180
13/11/2023;3499,00;3637,00;3638,00;3494,00;1460000,0;-0,02910
14/11/2023;3455,00;3479,00;3507,00;3455,00;1390000,0;-0,01260
15/11/2023;3518,00;3525,00;3529,00;3490,00;1750000,0;0,01820
16/11/2023;3454,00;3501,00;3519,00;3443,00;1100000,0;-0,01820
17/11/2023;3417,00;3417,00;3448,00;3384,00;1290000,0;-0,01070
20/11/2023;3469,00;3459,00;3509,00;3456,00;1090000,0;0,01520
21/11/2023;3506,00;3460,00;3528,00;3450,00;1250000,0;0,01070
22/11/2023;3606,00;3511,00;3620,00;3507,00;1460000,0;0,02850
24/11/2023;3592,00;3626,00;3630,00;3571,00;856900,0;-0,00390
27/11/2023;3534,00;3594,00;3598,00;3527,00;754500,0;-0,01610
28/11/2023;3503,00;3537,00;3550,00;3503,00;907200,0;-0,00880
29/11/2023;3481,00;3498,00;3516,00;3476,00;742600,0;-0,00630
30/11/2023;3461,00;3470,00;3500,00;3428,00;2280000,0;-0,00570
01/12/2023;3405,00;3473,00;3478,00;3405,00;808800,0;-0,01620
04/12/2023;3349,00;3400,00;3411,00;3349,00;923100,0;-0,01640
05/12/2023;3339,00;3341,00;3388,00;3337,00;929600,0;-0,00300
06/12/2023;3392,00;3347,00;3393,00;3346,00;748200,0;0,01590
07/12/2023;3271,00;3364,00;3366,00;3262,00;1520000,0;-0,03570
08/12/2023;3216,00;3271,00;3271,00;3199,00;1440000,0;-0,01680
11/12/2023;3216,00;3259,00;3269,00;3213,00;944400,0;0,00000
12/12/2023;3176,00;3269,00;3271,00;3174,00;991400,0;-0,01240
13/12/2023;3218,00;3190,00;3230,00;3190,00;1040000,0;0,01320
14/12/2023;3142,00;3205,00;3205,00;3133,00;1110000,0;-0,02360