Date,Close,Open,High,Low,Volume,% Change
25/12/2023,"19,050","18,800","19,150","18,750",153000000.00,1.60%
22/12/2023,"18,750","18,800","18,900","18,600",188000000.00,0.00%
21/12/2023,"18,750","18,650","18,800","18,600",139000000.00,0.27%
20/12/2023,"18,700","18,800","18,800","18,600",171000000.00,0.27%
19/12/2023,"18,650","18,400","18,650","18,400",210000000.00,0.54%
18/12/2023,"18,550","18,800","18,850","18,500",375000000.00,-1.33%
15/12/2023,"18,800","18,850","19,050","18,800",178000000.00,-0.53%
14/12/2023,"18,900","19,200","19,200","18,900",305000000.00,-0.79%
13/12/2023,"19,050","19,200","19,400","19,050",333000000.00,-0.78%
12/12/2023,"19,200","19,300","19,300","19,050",226000000.00,0.00%
11/12/2023,"19,200","19,400","19,400","19,100",221000000.00,-0.78%
8/12/2023,"19,350","19,300","19,450","19,250",454000000.00,0.26%
7/12/2023,"19,300","19,300","19,500","19,100",703000000.00,0.52%
6/12/2023,"19,200","19,200","19,300","19,100",469000000.00,0.26%
5/12/2023,"19,150","19,200","19,200","19,000",257000000.00,0.00%
4/12/2023,"19,150","19,150","19,200","19,000",828000000.00,1.06%
1/12/2023,"18,950","18,800","19,000","18,650",174000000.00,1.34%
30/11/2023,"18,700","18,800","18,950","18,600",131000000.00,-0.53%
29/11/2023,"18,800","18,800","18,900","18,650",176000000.00,0.53%
28/11/2023,"18,700","18,450","18,700","18,300",162000000.00,1.36%
27/11/2023,"18,450","18,800","18,800","18,450",254000000.00,-1.86%
24/11/2023,"18,800","18,800","18,900","18,550",266000000.00,0.00%
23/11/2023,"18,800","19,300","19,350","18,800",260000000.00,-2.08%
22/11/2023,"19,200","19,100","19,250","18,850",234000000.00,0.79%
21/11/2023,"19,050","19,100","19,350","19,050",203000000.00,0.26%
20/11/2023,"19,000","19,050","19,150","18,750",319000000.00,-0.78%
17/11/2023,"19,150","19,600","19,700","19,100",453000000.00,-2.30%
16/11/2023,"19,600","19,550","19,650","19,400",260000000.00,-0.25%
15/11/2023,"19,650","19,950","20,000","19,600",537000000.00,0.26%
14/11/2023,"19,600","19,250","19,700","19,200",681000000.00,2.08%
13/11/2023,"19,200","19,200","19,350","18,900",297000000.00,1.05%
10/11/2023,"19,000","19,000","19,350","18,950",397000000.00,-1.55%
9/11/2023,"19,300","19,500","19,550","19,200",301000000.00,-0.52%
8/11/2023,"19,400","18,700","19,400","18,650",358000000.00,3.74%
7/11/2023,"18,700","19,000","19,000","18,550",233000000.00,-1.06%
6/11/2023,"18,900","18,950","18,950","18,700",253000000.00,1.61%
3/11/2023,"18,600","18,900","18,900","18,550",334000000.00,0.27%
2/11/2023,"18,550","18,150","18,600","18,000",308000000.00,3.06%
1/11/2023,"18,000","17,900","18,000","17,600",241000000.00,0.56%
31/10/2023,"17,900","17,600","18,000","17,550",363000000.00,1.70%
30/10/2023,"17,600","18,100","18,200","17,600",174000000.00,-2.76%
27/10/2023,"18,100","17,800","18,100","17,500",249000000.00,4.32%
26/10/2023,"17,350","18,100","18,100","17,300",612000000.00,-5.19%
25/10/2023,"18,300","18,500","18,650","18,300",227000000.00,-1.08%
24/10/2023,"18,500","18,150","18,650","18,150",206000000.00,2.49%
23/10/2023,"18,050","18,350","18,450","18,050",271000000.00,-1.63%
20/10/2023,"18,350","18,200","18,500","18,100",401000000.00,0.55%
19/10/2023,"18,250","18,400","18,450","18,000",422000000.00,-1.08%
18/10/2023,"18,450","18,700","18,800","18,300",345000000.00,-1.07%
17/10/2023,"18,650","19,000","19,100","18,650",271000000.00,-1.06%
16/10/2023,"18,850","19,300","19,300","18,850",352000000.00,-2.58%
13/10/2023,"19,350","19,100","19,500","19,100",201000000.00,-1.53%
12/10/2023,"19,650","19,600","19,750","19,550",266000000.00,0.26%
11/10/2023,"19,600","19,400","19,600","19,250",206000000.00,1.03%
10/10/2023,"19,400","19,100","19,500","19,000",414000000.00,2.37%
9/10/2023,"18,950","18,700","18,950","18,550",344000000.00,1.34%
6/10/2023,"18,700","18,550","18,900","18,400",319000000.00,1.08%
5/10/2023,"18,500","19,100","19,100","18,500",340000000.00,-2.12%
4/10/2023,"18,900","18,700","19,150","18,600",222000000.00,0.53%
3/10/2023,"18,800","19,250","19,350","18,700",656000000.00,-3.34%
2/10/2023,"19,450","19,350","19,600","19,300",204000000.00,0.52%
29/09/2023,"19,350","19,500","19,700","19,300",251000000.00,0.00%
28/09/2023,"19,350","19,700","19,700","19,150",404000000.00,-1.02%
27/09/2023,"19,550","19,250","19,600","18,950",443000000.00,1.56%
26/09/2023,"19,250","19,500","19,700","19,150",508000000.00,1.05%
25/09/2023,"19,050","20,300","20,350","19,050",755000000.00,-6.16%
22/09/2023,"20,300","20,400","20,450","20,000",1063000000.00,-1.69%
21/09/2023,"20,650","21,050","21,150","20,600",884000000.00,-1.67%
20/09/2023,"21,000","20,700","21,000","20,650",559000000.00,1.45%
19/09/2023,"20,700","20,950","21,050","20,600",763000000.00,-1.19%
18/09/2023,"20,950","21,300","21,450","20,800",1172000000.00,-2.78%
15/09/2023,"21,550","21,600","21,850","21,350",1288000000.00,-0.69%
14/09/2023,"21,700","21,300","22,000","21,250",2146000000.00,3.33%
13/09/2023,"21,000","20,500","21,000","20,400",1114000000.00,2.94%
12/9/2023,"20,400","20,200","20,500","20,100",376000000.00,0.99%
11/9/2023,"20,200","20,800","20,800","20,200",530000000.00,-1.94%
8/9/2023,"20,600","20,600","20,700","20,550",390000000.00,-0.48%
7/9/2023,"20,700","20,800","21,000","20,600",620000000.00,0.24%
6/9/2023,"20,650","20,600","20,650","20,450",432000000.00,0.24%
5/9/2023,"20,600","20,550","20,800","20,500",446000000.00,1.23%
31/08/2023,"20,350","20,000","20,400","20,000",326000000.00,1.75%
30/08/2023,"20,000","19,900","20,100","19,800",331000000.00,1.01%
29/08/2023,"19,800","19,800","19,950","19,700",382000000.00,0.00%
28/08/2023,"19,800","19,600","19,850","19,600",243000000.00,1.02%
25/08/2023,"19,600","19,750","19,750","19,550",258000000.00,-0.76%
24/08/2023,"19,750","19,700","19,850","19,600",346000000.00,0.00%
23/08/2023,"19,750","19,950","20,000","19,500",322000000.00,-0.50%
22/08/2023,"19,850","19,850","19,900","19,050",554000000.00,0.00%
21/08/2023,"19,850","19,650","19,900","19,400",502000000.00,1.53%
18/08/2023,"19,550","20,600","20,650","19,500",889000000.00,-5.56%
17/08/2023,"20,700","20,700","20,950","20,550",421000000.00,0.24%
16/08/2023,"20,650","20,600","20,850","20,450",372000000.00,0.24%
15/08/2023,"20,600","20,700","20,750","20,550",272000000.00,-0.48%
14/08/2023,"20,700","20,650","20,800","20,500",445000000.00,0.73%
11/8/2023,"20,550","20,850","20,850","20,350",484000000.00,-0.48%
10/8/2023,"20,650","20,900","21,000","20,500",506000000.00,-1.43%
9/8/2023,"20,950","21,200","21,250","20,850",530000000.00,-1.18%
8/8/2023,"21,200","21,600","21,650","21,150",411000000.00,-0.93%
7/8/2023,"21,400","21,050","21,700","21,000",829000000.00,1.90%
4/8/2023,"21,000","20,750","21,000","20,600",585000000.00,1.69%
3/8/2023,"20,650","20,700","20,900","20,600",402000000.00,-0.24%
2/8/2023,"20,700","20,550","20,850","20,500",556000000.00,0.24%
1/8/2023,"20,650","20,850","21,200","20,600",611000000.00,-0.72%
31/07/2023,"20,800","20,850","21,150","20,800",377000000.00,0.24%
28/07/2023,"20,750","20,600","20,750","20,500",270000000.00,0.48%
27/07/2023,"20,650","20,800","20,900","20,500",428000000.00,-0.72%
26/07/2023,"20,800","20,900","21,050","20,750",256000000.00,-0.72%
25/07/2023,"20,950","21,000","21,300","20,950",560000000.00,-0.24%
24/07/2023,"21,000","20,600","21,300","20,450",757000000.00,2.19%
21/07/2023,"20,550","20,450","20,550","20,300",318000000.00,0.24%
20/07/2023,"20,500","20,550","20,600","20,350",285000000.00,-0.24%
19/07/2023,"20,550","20,700","20,750","20,500",529000000.00,0.00%
18/07/2023,"20,550","20,400","20,800","20,250",495000000.00,0.74%
17/07/2023,"20,400","20,250","20,450","20,250",429000000.00,0.74%
14/07/2023,"20,250","20,250","20,350","20,000",455000000.00,0.25%
13/07/2023,"20,200","20,200","20,200","20,000",416000000.00,0.50%
12/7/2023,"20,100","20,300","20,400","19,950",505000000.00,-0.99%
11/7/2023,"20,300","20,400","20,650","20,200",540000000.00,0.00%
10/7/2023,"20,300","19,900","20,400","19,800",1149000000.00,2.53%
7/7/2023,"19,800","19,550","19,800","19,500",252000000.00,1.02%
6/7/2023,"19,600","19,800","19,950","19,550",409000000.00,-1.51%
5/7/2023,"19,900","19,650","20,050","19,650",742000000.00,1.27%
4/7/2023,"19,650","19,550","19,650","19,500",287000000.00,0.00%
3/7/2023,"19,650","19,650","19,750","19,550",270000000.00,0.00%
30/06/2023,"19,650","19,750","19,800","19,650",332000000.00,-0.51%
29/06/2023,"19,750","19,900","19,950","19,700",579000000.00,-0.50%
28/06/2023,"19,850","19,800","20,000","19,650",452000000.00,0.25%
27/06/2023,"19,800","20,000","20,000","19,650",444000000.00,-0.75%
26/06/2023,"19,950","20,100","20,100","19,600",661000000.00,0.00%
23/06/2023,"19,950","19,800","20,200","19,800",594000000.00,1.01%
22/06/2023,"19,750","19,800","20,000","19,750",893000000.00,1.72%
21/06/2023,"19,417","19,500","19,500","19,375",1007000000.00,0.00%
20/06/2023,"19,417","19,250","19,500","19,250",625000000.00,0.87%
19/06/2023,"19,250","19,250","19,375","19,167",561000000.00,0.00%
16/06/2023,"19,250","19,333","19,667","19,250",1097000000.00,-0.22%
15/06/2023,"19,292","19,417","19,500","19,250",792000000.00,-0.64%
14/06/2023,"19,417","19,583","20,042","19,417",1252000000.00,-0.43%
13/06/2023,"19,500","19,583","19,667","19,333",703000000.00,-0.43%
12/6/2023,"19,583","19,542","19,708","19,083",685000000.00,0.43%
9/6/2023,"19,500","19,125","19,667","18,958",1328000000.00,2.41%
8/6/2023,"19,042","19,667","19,708","19,042",1708000000.00,-3.18%
7/6/2023,"19,667","19,667","19,708","19,417",869000000.00,0.00%
6/6/2023,"19,667","19,333","19,667","19,250",1160000000.00,1.72%
5/6/2023,"19,333","19,667","19,667","19,167",999000000.00,0.65%
2/6/2023,"19,208","18,250","19,208","18,250",2577000000.00,6.96%
1/6/2023,"17,958","17,833","18,000","17,750",510000000.00,0.70%
31/05/2023,"17,833","17,750","18,125","17,750",780000000.00,0.47%
30/05/2023,"17,750","17,792","17,833","17,667",462000000.00,0.00%
29/05/2023,"17,750","17,667","17,750","17,500",465000000.00,1.19%
26/05/2023,"17,542","17,458","17,583","17,375",289000000.00,0.72%
25/05/2023,"17,417","17,458","17,542","17,375",397000000.00,-0.48%
24/05/2023,"17,500","17,875","17,875","17,500",644000000.00,-1.41%
23/05/2023,"17,750","18,000","18,083","17,625",676000000.00,-1.39%
22/05/2023,"18,000","17,958","18,083","17,833",571000000.00,-15.89%
19/05/2023,"21,400","21,500","21,550","21,250",445000000.00,-0.23%
18/05/2023,"21,450","20,800","21,650","20,750",1080000000.00,3.13%
17/05/2023,"20,800","20,800","21,000","20,800",567000000.00,-0.48%
16/05/2023,"20,900","20,950","21,150","20,750",617000000.00,0.24%
15/05/2023,"20,850","20,600","21,150","20,550",1035000000.00,1.71%
12/5/2023,"20,500","20,650","20,700","20,400",444000000.00,-0.24%
11/5/2023,"20,550","20,700","20,850","20,500",348000000.00,-0.48%
10/5/2023,"20,650","20,300","20,700","20,200",617000000.00,1.98%
9/5/2023,"20,250","20,450","20,450","20,200",175000000.00,-0.49%
8/5/2023,"20,350","20,200","20,400","20,150",457000000.00,0.99%
5/5/2023,"20,150","20,350","20,350","20,150",240000000.00,-0.25%
4/5/2023,"20,200","20,500","20,500","20,200",224000000.00,-1.46%
28/04/2023,"20,500","20,350","20,500","20,250",424000000.00,1.23%
27/04/2023,"20,250","20,450","20,450","20,250",190000000.00,-0.98%
26/04/2023,"20,450","20,150","20,450","20,000",282000000.00,2.25%
25/04/2023,"20,000","20,350","20,450","19,950",281000000.00,-1.48%
24/04/2023,"20,300","20,250","20,500","20,150",390000000.00,0.74%
21/04/2023,"20,150","20,450","20,600","20,150",336000000.00,-1.23%
20/04/2023,"20,400","20,400","20,500","20,350",225000000.00,-0.24%
19/04/2023,"20,450","20,700","20,850","20,400",318000000.00,-0.97%
18/04/2023,"20,650","20,800","20,800","20,600",192000000.00,0.00%
17/04/2023,"20,650","20,800","20,900","20,650",212000000.00,-0.72%
14/04/2023,"20,800","21,150","21,450","20,800",501000000.00,-1.65%
13/04/2023,"21,150","21,350","21,350","21,000",321000000.00,-0.70%
12/4/2023,"21,300","21,200","21,500","21,100",479000000.00,0.95%
11/4/2023,"21,100","20,900","21,100","20,800",424000000.00,0.96%
10/4/2023,"20,900","21,100","21,250","20,800",467000000.00,0.00%
7/4/2023,"20,900","20,950","21,150","20,800",390000000.00,-0.48%
6/4/2023,"21,000","21,500","21,600","21,000",618000000.00,-4.33%
5/4/2023,"21,950","22,100","22,150","21,900",563000000.00,-0.68%
4/4/2023,"22,100","21,750","22,300","21,650",757000000.00,1.84%
3/4/2023,"21,700","21,700","21,800","21,550",620000000.00,1.40%
31/03/2023,"21,400","21,450","21,550","21,250",604000000.00,0.23%
30/03/2023,"21,350","21,450","21,700","21,350",539000000.00,0.47%
29/03/2023,"21,250","21,200","21,450","21,100",502000000.00,0.47%
28/03/2023,"21,150","21,250","21,500","21,150",689000000.00,0.24%
27/03/2023,"21,100","21,000","21,150","20,900",495000000.00,0.72%
24/03/2023,"20,950","20,800","21,100","20,750",571000000.00,1.45%
23/03/2023,"20,650","20,600","20,700","20,400",327000000.00,-0.24%
22/03/2023,"20,700","20,900","20,900","20,650",217000000.00,-0.24%
21/03/2023,"20,750","20,900","20,900","20,400",288000000.00,0.97%
20/03/2023,"20,550","20,950","21,250","20,550",506000000.00,-1.91%
17/03/2023,"20,950","21,250","21,250","20,900",276000000.00,0.24%
16/03/2023,"20,900","21,300","21,300","20,800",355000000.00,-2.34%
15/03/2023,"21,400","20,650","21,400","20,600",740000000.00,5.68%
14/03/2023,"20,250","20,650","20,800","20,150",249000000.00,-2.17%
13/03/2023,"20,700","20,700","20,850","20,600",307000000.00,-1.19%
10/3/2023,"20,950","20,950","21,100","20,700",234000000.00,-1.18%
9/3/2023,"21,200","20,900","21,350","20,800",421000000.00,2.42%
8/3/2023,"20,700","20,550","20,750","20,350",269000000.00,0.49%
7/3/2023,"20,600","20,900","21,000","20,550",191000000.00,0.00%
6/3/2023,"20,600","20,800","21,050","20,600",199000000.00,-0.24%
3/3/2023,"20,650","21,100","21,150","20,650",133000000.00,-1.67%
2/3/2023,"21,000","21,050","21,250","20,900",123000000.00,-0.47%
1/3/2023,"21,100","20,550","21,100","20,300",247000000.00,2.68%
28/02/2023,"20,550","20,700","20,900","20,450",135000000.00,0.00%
27/02/2023,"20,550","20,700","21,200","20,550",207000000.00,-2.14%
24/02/2023,"21,000","21,450","21,700","21,000",144000000.00,-2.33%
23/02/2023,"21,500","21,050","21,500","20,700",310000000.00,2.38%
22/02/2023,"21,000","21,500","21,700","21,000",333000000.00,-3.67%
21/02/2023,"21,800","22,250","22,400","21,800",318000000.00,-0.91%
20/02/2023,"22,000","21,450","22,000","21,400",397000000.00,2.33%
17/02/2023,"21,500","21,100","21,500","21,000",379000000.00,2.87%
16/02/2023,"20,900","20,900","21,050","20,700",213000000.00,0.97%
15/02/2023,"20,700","20,500","21,000","20,250",333000000.00,0.98%
14/02/2023,"20,500","20,450","20,800","20,300",127000000.00,1.49%
13/02/2023,"20,200","20,500","21,000","20,000",384000000.00,-3.81%
10/2/2023,"21,000","22,000","22,150","20,900",333000000.00,-4.55%
9/2/2023,"22,000","22,350","22,400","21,950",177000000.00,-0.90%
8/2/2023,"22,200","22,009","22,439","21,913",242000000.00,0.65%
7/2/2023,"22,057","22,870","22,870","21,913",372000000.00,-2.54%
6/2/2023,"22,631","22,774","23,061","22,535",321000000.00,-2.67%
3/2/2023,"23,253","22,774","23,253","22,535",429000000.00,2.97%
2/2/2023,"22,583","22,583","22,870","22,296",436000000.00,0.00%
1/2/2023,"22,583","22,918","23,348","22,391",839000000.00,0.21%
31/01/2023,"22,535","22,009","22,535","21,626",727000000.00,2.17%
30/01/2023,"22,057","22,439","22,535","22,057",444000000.00,-1.28%
27/01/2023,"22,344","22,296","22,487","22,104",377000000.00,-2.43%
19/01/2023,"22,900","22,600","22,950","22,550",465000000.00,0.00%
18/01/2023,"22,900","23,150","23,200","22,800",354000000.00,0.00%
17/01/2023,"22,900","22,250","22,900","22,250",342000000.00,2.69%
16/01/2023,"22,300","22,250","22,400","22,050",258000000.00,1.13%
13/01/2023,"22,050","22,200","22,600","21,900",625000000.00,1.15%
12/1/2023,"21,800","21,150","21,950","21,150",493000000.00,2.83%
11/1/2023,"21,200","21,500","21,500","21,200",415000000.00,0.24%
10/1/2023,"21,150","21,200","21,400","20,850",378000000.00,0.00%
9/1/2023,"21,150","20,800","21,650","20,800",457000000.00,2.67%
6/1/2023,"20,600","20,200","20,850","20,000",514000000.00,2.49%
5/1/2023,"20,100","19,900","20,150","19,850",176000000.00,1.01%
4/1/2023,"19,900","20,000","20,400","19,800",253000000.00,0.00%
3/1/2023,"19,900","18,950","19,900","18,950",239000000.00,4.74%
30/12/2022,"19,000","19,100","19,250","18,900",143000000.00,0.53%
29/12/2022,"18,900","18,750","19,200","18,750",138000000.00,-0.53%
28/12/2022,"19,000","18,850","19,250","18,650",170000000.00,0.00%
27/12/2022,"19,000","18,300","19,000","18,300",188000000.00,3.54%
26/12/2022,"18,350","19,650","19,800","18,300",333000000.00,-6.62%
23/12/2022,"19,650","19,850","19,950","19,400",162000000.00,-1.50%
22/12/2022,"19,950","20,000","20,200","19,500",219000000.00,1.27%
21/12/2022,"19,700","19,800","20,200","18,800",333000000.00,0.00%
20/12/2022,"19,700","20,650","20,750","19,550",575000000.00,-5.06%
19/12/2022,"20,750","20,850","21,550","20,750",553000000.00,-0.24%
16/12/2022,"20,800","20,700","21,100","20,700",473000000.00,-0.95%
15/12/2022,"21,000","20,700","21,500","20,600",596000000.00,1.94%
14/12/2022,"20,600","20,900","21,000","20,600",527000000.00,-0.72%
13/12/2022,"20,750","20,250","20,750","20,000",506000000.00,1.97%
12/12/2022,"20,350","21,000","21,300","20,300",465000000.00,-2.86%
9/12/2022,"20,950","21,000","21,150","20,600",512000000.00,0.00%
8/12/2022,"20,950","20,900","21,800","20,600",629000000.00,2.44%
7/12/2022,"20,450","20,400","20,700","20,000",499000000.00,0.25%
6/12/2022,"20,400","21,950","22,000","20,400",1126000000.00,-6.85%
5/12/2022,"21,900","22,000","22,250","21,450",878000000.00,2.34%
2/12/2022,"21,400","19,850","21,400","19,800",882000000.00,7.00%
1/12/2022,"20,000","20,850","20,950","19,950",1003000000.00,-1.23%
30/11/2022,"20,250","19,150","20,250","18,950",1171000000.00,6.86%
29/11/2022,"18,950","19,150","19,300","18,600",556000000.00,-0.52%
28/11/2022,"19,050","18,750","19,300","18,400",616000000.00,4.10%
25/11/2022,"18,300","18,200","18,300","18,000",362000000.00,2.52%
24/11/2022,"17,850","17,800","17,950","17,500",219000000.00,-0.28%
23/11/2022,"17,900","18,400","18,400","17,900",192000000.00,-1.65%
22/11/2022,"18,200","18,350","19,000","18,150",485000000.00,-1.62%
21/11/2022,"18,500","18,500","18,900","18,350",245000000.00,0.54%
18/11/2022,"18,400","18,450","18,600","17,900",257000000.00,-0.27%
17/11/2022,"18,450","18,400","18,800","18,200",326000000.00,2.50%
16/11/2022,"18,000","16,250","18,150","16,250",364000000.00,5.88%
15/11/2022,"17,000","17,000","17,200","16,200",476000000.00,-2.30%
14/11/2022,"17,400","17,050","17,650","16,400",405000000.00,-0.57%
11/11/2022,"17,500","17,800","17,950","16,500",492000000.00,0.00%
10/11/2022,"17,500","18,000","18,200","17,150",565000000.00,-4.89%
9/11/2022,"18,400","18,350","18,900","18,100",269000000.00,-0.81%
8/11/2022,"18,550","18,000","18,650","17,950",345000000.00,0.54%
7/11/2022,"18,450","19,250","19,700","18,400",598000000.00,-6.58%
4/11/2022,"19,750","20,000","20,300","18,900",677000000.00,-2.71%
3/11/2022,"20,300","20,550","20,800","20,250",435000000.00,-1.93%
2/11/2022,"20,700","20,150","21,250","20,100",964000000.00,2.73%
1/11/2022,"20,150","19,900","20,450","19,800",500000000.00,2.81%
31/10/2022,"19,600","19,850","19,900","19,100",123000000.00,-0.51%
28/10/2022,"19,700","20,100","20,550","19,700",231000000.00,-1.01%
27/10/2022,"19,900","19,200","19,900","18,650",213000000.00,4.46%
26/10/2022,"19,050","19,350","19,500","18,650",78720000.00,-1.04%
25/10/2022,"19,250","19,000","19,800","18,000",185000000.00,2.12%
24/10/2022,"18,850","19,250","19,250","17,900",192000000.00,-1.82%
21/10/2022,"19,200","20,100","20,100","18,650",215000000.00,-3.76%
20/10/2022,"19,950","20,500","20,500","19,900",155000000.00,-2.21%
19/10/2022,"20,400","20,000","20,600","19,900",157000000.00,2.26%
18/10/2022,"19,950","20,250","20,500","19,900",150000000.00,0.25%
17/10/2022,"19,900","20,150","20,200","19,400",123000000.00,-1.49%
14/10/2022,"20,200","21,050","21,050","20,050",274000000.00,2.54%
13/10/2022,"19,700","19,700","20,000","19,500",146000000.00,0.51%
12/10/2022,"19,600","19,300","20,550","19,300",200000000.00,1.29%
11/10/2022,"19,350","19,500","19,850","18,600",250000000.00,-3.01%
10/10/2022,"19,950","19,850","20,450","19,200",163000000.00,-0.25%
7/10/2022,"20,000","19,900","20,650","19,300",238000000.00,-3.61%
6/10/2022,"20,750","21,450","21,450","20,000",204000000.00,-3.26%
5/10/2022,"21,450","22,000","22,000","21,450",132000000.00,0.94%
4/10/2022,"21,250","21,400","22,050","21,200",205000000.00,0.47%
3/10/2022,"21,150","21,600","22,100","20,900",231000000.00,-3.86%
30/09/2022,"22,000","22,100","22,250","21,100",210000000.00,-0.68%
29/09/2022,"22,150","22,950","23,200","22,100",156000000.00,-2.85%
28/09/2022,"22,800","23,400","23,400","22,500",121000000.00,-1.94%
27/09/2022,"23,250","22,100","23,550","22,100",385000000.00,3.10%
26/09/2022,"22,550","21,800","23,000","20,950",279000000.00,1.12%
23/09/2022,"22,300","22,200","22,500","22,050",91930000.00,-0.89%
22/09/2022,"22,500","21,600","22,500","21,550",141000000.00,2.27%
21/09/2022,"22,000","22,000","22,100","21,750",95990000.00,-1.35%
20/09/2022,"22,300","22,000","22,300","21,350",165000000.00,1.13%
19/09/2022,"22,050","22,200","22,600","21,350",256000000.00,-3.08%
16/09/2022,"22,750","22,900","23,000","22,350",145000000.00,-1.09%
15/09/2022,"23,000","23,300","23,300","23,000",68590000.00,-0.65%
14/09/2022,"23,150","22,900","23,150","22,650",135000000.00,-0.86%
13/09/2022,"23,350","23,400","23,550","23,000",109000000.00,0.00%
12/9/2022,"23,350","23,800","23,950","22,950",153000000.00,-1.06%
9/9/2022,"23,600","23,750","23,800","22,300",417000000.00,0.00%
8/9/2022,"23,600","24,700","24,800","23,600",188000000.00,-3.67%
7/9/2022,"24,500","24,600","25,350","24,500",301000000.00,-0.41%
6/9/2022,"24,600","24,550","24,800","24,400",201000000.00,0.20%
5/9/2022,"24,550","25,000","25,150","24,550",155000000.00,-1.80%
31/08/2022,"25,000","25,000","25,200","24,850",123000000.00,0.00%
30/08/2022,"25,000","25,600","25,750","25,000",167000000.00,-1.19%
29/08/2022,"25,300","25,100","25,700","24,650",185000000.00,-0.39%
26/08/2022,"25,400","25,700","25,850","25,350",154000000.00,-1.17%
25/08/2022,"25,700","25,400","25,850","25,200",212000000.00,2.39%
24/08/2022,"25,100","25,350","25,550","25,100",110000000.00,-0.40%
23/08/2022,"25,200","24,700","25,200","24,550",112000000.00,0.80%
22/08/2022,"25,000","25,800","25,800","24,650",242000000.00,-2.72%
19/08/2022,"25,700","25,900","26,200","25,700",184000000.00,-1.15%
18/08/2022,"26,000","26,100","26,450","26,000",276000000.00,-0.57%
17/08/2022,"26,150","26,400","26,500","26,150",234000000.00,-0.95%
16/08/2022,"26,400","26,300","26,750","26,100",340000000.00,0.57%
15/08/2022,"26,250","26,000","26,550","25,800",235000000.00,1.74%
12/8/2022,"25,800","25,900","25,900","25,400",149000000.00,0.58%
11/8/2022,"25,650","26,200","26,300","25,500",234000000.00,-1.35%
10/8/2022,"26,000","26,000","26,100","25,900",136000000.00,-0.19%
9/8/2022,"26,050","26,300","26,300","25,900",160000000.00,-0.38%
8/8/2022,"26,150","25,800","26,300","25,800",156000000.00,0.77%
5/8/2022,"25,950","26,000","26,000","25,650",245000000.00,-0.57%
4/8/2022,"26,100","26,450","26,450","26,000",237000000.00,-0.38%
3/8/2022,"26,200","26,600","26,600","26,100",198000000.00,-1.50%
2/8/2022,"26,600","27,000","27,150","26,550",172000000.00,-0.19%
1/8/2022,"26,650","26,500","26,750","26,300",182000000.00,0.19%
29/07/2022,"26,600","26,500","27,300","26,450",634000000.00,0.57%
28/07/2022,"26,450","26,050","26,450","25,700",236000000.00,3.12%
27/07/2022,"25,650","25,500","25,700","25,200",81700000.00,0.00%
26/07/2022,"25,650","25,700","26,150","25,500",114000000.00,-0.39%
25/07/2022,"25,750","26,000","26,000","25,500",136000000.00,-1.72%
22/07/2022,"26,200","25,450","26,450","25,150",438000000.00,4.38%
21/07/2022,"25,100","25,050","25,450","25,000",168000000.00,1.01%
20/07/2022,"24,850","24,950","25,000","24,600",205000000.00,2.26%
19/07/2022,"24,300","24,700","24,700","24,150",110000000.00,-1.22%
18/07/2022,"24,600","24,300","24,650","24,250",139000000.00,1.44%
15/07/2022,"24,250","24,450","25,200","24,250",259000000.00,-0.82%
14/07/2022,"24,450","24,150","24,500","23,900",121000000.00,0.62%
13/07/2022,"24,300","24,500","25,200","24,000",152000000.00,0.00%
12/7/2022,"24,300","23,750","24,900","23,650",106000000.00,1.67%
11/7/2022,"23,900","24,200","24,800","23,700",249000000.00,-4.59%
8/7/2022,"25,050","25,450","25,750","25,000",182000000.00,-0.20%
7/7/2022,"25,100","24,300","25,350","23,200",312000000.00,4.15%
6/7/2022,"24,100","23,300","24,500","23,300",168000000.00,0.00%
5/7/2022,"24,100","25,000","25,400","24,100",274000000.00,-0.82%
4/7/2022,"24,300","23,100","24,300","23,100",423000000.00,6.81%
1/7/2022,"22,750","21,500","23,000","20,200",233000000.00,5.81%
30/06/2022,"21,500","22,450","22,800","21,500",157000000.00,-4.02%
29/06/2022,"22,400","22,200","23,600","21,800",239000000.00,1.36%
28/06/2022,"22,100","20,900","22,100","20,700",175000000.00,6.76%
27/06/2022,"20,700","20,600","20,750","20,200",154000000.00,0.49%
24/06/2022,"20,600","20,700","20,750","20,250",139000000.00,1.23%
23/06/2022,"20,350","19,650","20,350","19,500",173000000.00,5.71%
22/06/2022,"19,250","18,800","19,250","18,200",428000000.00,6.94%
21/06/2022,"18,000","18,400","19,400","18,000",306000000.00,-6.74%
20/06/2022,"19,300","20,650","21,600","19,250",320000000.00,-6.54%
17/06/2022,"20,650","21,700","21,700","20,650",438000000.00,-6.98%
16/06/2022,"22,200","22,400","23,000","22,100",79790000.00,0.91%
15/06/2022,"22,000","22,500","22,600","21,100",365000000.00,-2.65%
14/06/2022,"22,600","24,200","24,200","22,600",220000000.00,-6.80%
13/06/2022,"24,250","25,050","25,300","24,250",190000000.00,-6.91%
10/6/2022,"26,050","26,100","26,650","26,050",60790000.00,-1.70%
9/6/2022,"26,500","26,800","26,800","26,300",38090000.00,-0.56%
8/6/2022,"26,650","26,500","27,000","26,000",96830000.00,2.50%
7/6/2022,"26,000","26,150","26,200","25,400",75540000.00,-0.57%
6/6/2022,"26,150","26,100","26,150","25,800",110000000.00,0.19%
3/6/2022,"26,100","26,300","26,400","25,850",63380000.00,-0.76%
2/6/2022,"26,300","26,500","26,750","26,050",75270000.00,-0.75%
1/6/2022,"26,500","26,750","27,100","26,400",51460000.00,-1.12%
31/05/2022,"26,800","27,250","27,250","26,600",46720000.00,-1.47%
30/05/2022,"27,200","26,900","27,300","26,800",99930000.00,1.30%
27/05/2022,"26,850","26,250","26,900","26,050",206000000.00,2.48%
26/05/2022,"26,200","26,500","26,500","26,050",79850000.00,-0.57%
25/05/2022,"26,350","25,500","26,350","25,500",108000000.00,3.33%
24/05/2022,"25,500","24,450","25,500","24,150",103000000.00,2.82%
23/05/2022,"24,800","26,000","26,000","24,800",87750000.00,-4.06%
20/05/2022,"25,850","25,800","26,100","25,500",96700000.00,0.19%
19/05/2022,"25,800","25,200","26,300","25,200",136000000.00,-3.01%
18/05/2022,"26,600","27,000","27,050","26,000",119000000.00,0.00%
17/05/2022,"26,600","25,500","26,750","24,400",173000000.00,4.11%
16/05/2022,"25,550","25,100","27,000","23,550",390000000.00,0.99%
13/05/2022,"25,300","27,000","27,900","25,300",176000000.00,-6.93%
12/5/2022,"27,185","28,889","29,111","27,185",204000000.00,-6.97%
11/5/2022,"29,222","28,963","29,222","28,370",90270000.00,2.73%
10/5/2022,"28,445","27,037","28,667","27,037",155000000.00,-1.54%
9/5/2022,"28,889","29,630","30,074","28,000",175000000.00,-3.94%
6/5/2022,"30,074","30,370","30,889","30,000",83280000.00,-2.87%
5/5/2022,"30,963","30,741","31,111","30,074",94800000.00,3.47%
4/5/2022,"29,926","32,222","32,222","29,926",83900000.00,-6.05%
29/04/2022,"31,852","30,741","32,037","30,556",198000000.00,3.86%
28/04/2022,"30,667","30,482","31,148","30,445",66800000.00,-0.96%
27/04/2022,"30,963","30,370","30,963","29,630",91300000.00,1.70%
26/04/2022,"30,445","29,259","30,445","27,593",146000000.00,2.88%
25/04/2022,"29,593","31,482","31,482","29,296",158000000.00,-6.00%
22/04/2022,"31,482","31,111","31,963","29,630",142000000.00,1.19%
21/04/2022,"31,111","30,741","31,111","28,593",212000000.00,1.57%
20/04/2022,"30,630","31,482","31,741","30,630",88980000.00,-2.71%
19/04/2022,"31,482","32,000","32,222","31,037",128000000.00,-1.62%
18/04/2022,"32,000","32,222","32,407","31,259",220000000.00,-1.37%
15/04/2022,"32,445","32,963","33,148","32,407",155000000.00,-2.12%
14/04/2022,"33,148","33,333","33,556","33,074",74450000.00,-0.56%
13/04/2022,"33,333","32,815","33,519","32,148",120000000.00,1.81%
12/4/2022,"32,741","33,704","33,778","32,741",134000000.00,-1.78%
8/4/2022,"33,333","34,815","34,815","33,333",193000000.00,-3.64%
7/4/2022,"34,593","35,185","35,704","34,593",204000000.00,-1.48%
6/4/2022,"35,111","34,667","35,852","34,370",270000000.00,1.17%
5/4/2022,"34,704","35,296","35,407","34,704",191000000.00,-1.99%
4/4/2022,"35,407","36,148","36,148","35,259",233000000.00,-0.21%
1/4/2022,"35,482","34,815","35,889","34,630",359000000.00,1.81%
31/03/2022,"34,852","34,667","34,889","34,445",173000000.00,0.11%
30/03/2022,"34,815","33,185","34,815","33,185",493000000.00,4.68%
29/03/2022,"33,259","32,556","33,445","32,556",143000000.00,2.16%
28/03/2022,"32,556","32,815","32,963","32,259",122000000.00,-1.24%
25/03/2022,"32,963","33,111","33,222","32,963",103000000.00,-0.45%
24/03/2022,"33,111","33,333","33,333","32,889",144000000.00,-0.67%
23/03/2022,"33,333","33,482","33,852","33,185",89980000.00,-0.22%
22/03/2022,"33,407","33,370","33,704","33,259",116000000.00,0.67%
21/03/2022,"33,185","33,037","33,185","32,889",176000000.00,1.13%
18/03/2022,"32,815","32,778","32,889","32,593",83880000.00,0.23%
17/03/2022,"32,741","33,037","33,259","32,741",75650000.00,0.34%
16/03/2022,"32,630","32,704","32,963","32,445",138000000.00,1.85%
15/03/2022,"32,037","32,000","32,445","31,741",143000000.00,0.58%
14/03/2022,"31,852","32,222","32,296","31,852",226000000.00,-1.60%
11/3/2022,"32,370","32,222","32,963","32,222",183000000.00,-1.58%
10/3/2022,"32,889","33,556","33,556","32,889",122000000.00,-0.22%
9/3/2022,"32,963","32,963","33,185","31,778",284000000.00,-0.22%
8/3/2022,"33,037","33,185","33,630","32,852",283000000.00,-0.67%
7/3/2022,"33,259","33,704","33,704","33,259",177000000.00,-1.96%
4/3/2022,"33,926","34,000","34,296","33,630",130000000.00,-0.43%
3/3/2022,"34,074","33,667","34,074","32,889",305000000.00,0.44%
2/3/2022,"33,926","34,519","34,519","32,667",590000000.00,-2.55%
1/3/2022,"34,815","34,667","34,815","34,222",210000000.00,0.21%
28/02/2022,"34,741","35,185","35,259","34,741",186000000.00,-1.05%
25/02/2022,"35,111","34,889","35,296","34,815",320000000.00,1.17%
24/02/2022,"34,704","34,556","34,963","33,333",417000000.00,-0.11%
23/02/2022,"34,741","34,815","35,445","34,593",269000000.00,0.86%
22/02/2022,"34,445","34,074","34,667","33,852",244000000.00,-0.21%
21/02/2022,"34,519","34,222","34,704","34,185",256000000.00,-0.53%
18/02/2022,"34,704","34,519","35,111","34,370",202000000.00,0.11%
17/02/2022,"34,667","34,074","34,667","33,778",213000000.00,2.63%
16/02/2022,"33,778","34,222","34,222","33,630",323000000.00,-1.30%
15/02/2022,"34,222","34,074","34,593","33,333",349000000.00,0.65%
14/02/2022,"34,000","34,667","35,148","34,000",464000000.00,-3.77%
11/2/2022,"35,333","35,037","35,778","35,000",214000000.00,0.21%
10/2/2022,"35,259","35,259","35,630","34,963",250000000.00,-0.63%
9/2/2022,"35,482","35,889","36,296","35,333",391000000.00,-0.21%
8/2/2022,"35,556","34,519","35,556","34,519",332000000.00,1.37%
7/2/2022,"35,074","35,482","35,926","35,074",206000000.00,-0.42%
28/01/2022,"35,222","35,037","36,222","34,593",487000000.00,1.60%
27/01/2022,"34,667","34,926","35,556","34,296",243000000.00,-0.64%
26/01/2022,"34,889","34,074","35,556","33,926",579000000.00,2.84%
25/01/2022,"33,926","32,667","33,926","32,593",196000000.00,3.85%
24/01/2022,"32,667","33,259","34,037","32,593",207000000.00,-2.22%
21/01/2022,"33,407","32,222","34,074","32,185",314000000.00,2.50%
20/01/2022,"32,593","32,296","32,963","31,185",373000000.00,0.92%
19/01/2022,"32,296","32,000","33,037","32,000",166000000.00,0.46%
18/01/2022,"32,148","32,222","33,259","31,185",439000000.00,-1.36%
17/01/2022,"32,593","34,000","34,593","32,222",416000000.00,-4.14%
14/01/2022,"34,000","33,852","34,445","33,333",178000000.00,-1.50%
13/01/2022,"34,519","35,111","35,926","34,445",554000000.00,-0.75%
12/1/2022,"34,778","33,111","35,037","31,630",390000000.00,5.03%
11/1/2022,"33,111","33,704","34,074","32,815",229000000.00,-1.76%
10/1/2022,"33,704","34,000","34,296","32,963",511000000.00,-1.52%
7/1/2022,"34,222","34,407","34,815","34,185",299000000.00,-1.07%
6/1/2022,"34,593","34,667","35,852","34,296",566000000.00,-1.58%
5/1/2022,"35,148","35,296","36,185","34,704",265000000.00,-0.42%
4/1/2022,"35,296","35,519","35,593","35,000",312000000.00,0.74%
31/12/2021,"35,037","32,815","35,037","32,815",1298000000.00,6.89%
30/12/2021,"32,778","32,667","33,333","32,667",196000000.00,0.34%
29/12/2021,"32,667","32,074","33,333","32,037",449000000.00,2.80%
28/12/2021,"31,778","31,778","32,593","31,333",197000000.00,-0.69%
27/12/2021,"32,000","32,593","32,593","30,741",134000000.00,-1.03%
24/12/2021,"32,333","30,889","32,593","30,815",218000000.00,3.44%
23/12/2021,"31,259","31,704","31,704","30,185",408000000.00,-2.99%
22/12/2021,"32,222","32,667","32,741","30,815",459000000.00,-1.36%
21/12/2021,"32,667","33,667","33,704","32,667",266000000.00,-3.08%
20/12/2021,"33,704","32,482","33,704","32,148",552000000.00,3.76%
17/12/2021,"32,482","32,926","33,037","32,296",185000000.00,-0.34%
16/12/2021,"32,593","32,593","33,259","32,519",336000000.00,0.69%
15/12/2021,"32,370","31,926","32,519","31,519",339000000.00,2.10%
14/12/2021,"31,704","31,667","32,222","31,333",177000000.00,-0.47%
13/12/2021,"31,852","32,222","32,222","31,296",300000000.00,0.00%
10/12/2021,"31,852","31,963","32,259","31,667",294000000.00,1.18%
9/12/2021,"31,482","31,111","31,482","30,963",199000000.00,1.67%
8/12/2021,"30,963","30,370","31,815","30,185",191000000.00,2.08%
7/12/2021,"30,333","30,222","30,741","30,000",164000000.00,0.86%
6/12/2021,"30,074","31,704","31,704","29,222",487000000.00,-4.25%
3/12/2021,"31,407","31,556","32,889","31,407",422000000.00,-1.17%
2/12/2021,"31,778","32,148","32,667","31,630",295000000.00,-0.23%
1/12/2021,"31,852","31,333","31,852","30,630",479000000.00,1.90%
30/11/2021,"31,259","32,815","33,074","30,074",686000000.00,-3.32%
29/11/2021,"32,333","32,741","33,037","31,852",489000000.00,-3.00%
26/11/2021,"33,333","33,148","34,296","32,667",565000000.00,0.78%
25/11/2021,"33,074","33,556","33,852","32,593",451000000.00,-0.33%
24/11/2021,"33,185","30,889","33,185","30,741",1107000000.00,6.92%
23/11/2021,"31,037","31,185","31,259","30,074",367000000.00,0.48%
22/11/2021,"30,889","29,556","30,889","29,333",1131000000.00,6.92%
19/11/2021,"28,889","28,000","29,259","27,889",804000000.00,3.17%
18/11/2021,"28,000","28,407","28,407","27,889",169000000.00,-1.43%
17/11/2021,"28,407","28,148","28,519","28,000",191000000.00,0.79%
16/11/2021,"28,185","28,296","28,741","28,037",228000000.00,-0.78%
15/11/2021,"28,407","28,889","28,889","28,259",236000000.00,0.13%
12/11/2021,"28,370","28,074","28,407","27,407",133000000.00,1.32%
11/11/2021,"28,000","28,074","28,148","27,185",223000000.00,-0.26%
10/11/2021,"28,074","28,148","28,222","27,889",133000000.00,-0.26%
9/11/2021,"28,148","27,926","28,370","27,852",184000000.00,0.93%
8/11/2021,"27,889","28,148","28,889","27,704",208000000.00,-0.92%
5/11/2021,"28,148","28,445","28,482","27,778",102000000.00,-0.78%
4/11/2021,"28,370","28,815","28,926","28,259",90650000.00,-1.03%
3/11/2021,"28,667","27,815","28,889","27,778",410000000.00,3.34%
2/11/2021,"27,741","27,074","27,741","26,778",195000000.00,2.32%
1/11/2021,"27,111","27,407","27,482","27,074",114000000.00,-1.08%
29/10/2021,"27,407","27,519","27,556","27,111",142000000.00,-0.54%
28/10/2021,"27,556","27,482","27,778","27,037",155000000.00,0.27%
27/10/2021,"27,482","27,407","27,519","26,889",246000000.00,0.82%
26/10/2021,"27,259","26,667","27,259","26,445",160000000.00,1.80%
25/10/2021,"26,778","27,333","27,333","26,667",89100000.00,-2.03%
22/10/2021,"27,333","27,370","27,593","27,000",125000000.00,0.00%
21/10/2021,"27,333","27,185","27,630","26,963",225000000.00,0.82%
20/10/2021,"27,111","26,815","27,407","26,556",170000000.00,0.55%
19/10/2021,"26,963","27,148","27,148","26,593",106000000.00,-0.41%
18/10/2021,"27,074","27,185","27,333","26,667",117000000.00,-0.41%
15/10/2021,"27,185","26,963","27,333","26,667",169000000.00,0.82%
14/10/2021,"26,963","26,963","27,407","26,778",111000000.00,0.55%
13/10/2021,"26,815","26,815","26,889","26,296",146000000.00,0.28%
12/10/2021,"26,741","26,815","27,037","26,630",187000000.00,1.26%
11/10/2021,"26,407","25,852","26,445","25,852",190000000.00,3.03%
8/10/2021,"25,630","25,630","25,667","25,185",153000000.00,0.73%
7/10/2021,"25,445","25,482","25,741","25,037",135000000.00,-0.43%
6/10/2021,"25,556","25,519","25,778","25,407",115000000.00,0.15%
5/10/2021,"25,519","24,741","25,519","24,741",194000000.00,3.61%
4/10/2021,"24,630","25,482","25,852","24,630",306000000.00,-3.06%
1/10/2021,"25,407","26,185","26,333","25,407",225000000.00,-2.97%
30/09/2021,"26,185","26,593","27,000","26,074",277000000.00,-1.67%
29/09/2021,"26,630","27,000","27,074","26,333",221000000.00,-1.51%
28/09/2021,"27,037","27,111","27,407","26,741",134000000.00,0.00%
27/09/2021,"27,037","28,370","28,482","27,037",207000000.00,-5.07%
24/09/2021,"28,482","28,148","28,667","28,148",292000000.00,1.72%
23/09/2021,"28,000","28,593","28,741","27,963",407000000.00,-2.58%
22/09/2021,"28,741","29,630","29,630","28,667",145000000.00,-1.77%
21/09/2021,"29,259","28,519","29,259","28,222",475000000.00,2.60%
20/09/2021,"28,519","26,963","28,519","26,963",542000000.00,6.94%
17/09/2021,"26,667","26,111","26,815","26,074",98630000.00,2.27%
16/09/2021,"26,074","26,148","26,889","26,037",60750000.00,0.14%
15/09/2021,"26,037","26,074","26,222","25,926",77560000.00,-0.71%
14/09/2021,"26,222","26,593","26,593","26,185",116000000.00,-1.39%
13/09/2021,"26,593","26,815","26,889","26,445",117000000.00,-1.10%
10/9/2021,"26,889","27,148","27,185","26,741",98230000.00,-0.82%
9/9/2021,"27,111","27,111","27,111","26,815",62070000.00,0.14%
8/9/2021,"27,074","27,259","27,593","26,963",184000000.00,0.14%
7/9/2021,"27,037","26,593","27,370","26,593",200000000.00,1.96%
6/9/2021,"26,519","26,667","26,815","26,296",140000000.00,-0.69%
1/9/2021,"26,704","26,667","26,815","26,593",84420000.00,-0.55%
31/08/2021,"26,852","27,407","27,630","26,667",124000000.00,-0.55%
30/08/2021,"27,000","26,667","27,111","26,519",154000000.00,1.25%
27/08/2021,"26,667","26,370","26,889","25,556",208000000.00,-0.83%
26/08/2021,"26,889","27,407","27,630","26,815",108000000.00,-1.89%
25/08/2021,"27,407","26,704","27,778","26,704",122000000.00,3.21%
24/08/2021,"26,556","26,445","27,111","25,741",190000000.00,-0.42%
23/08/2021,"26,667","28,519","28,667","26,667",656000000.00,-6.98%
20/08/2021,"28,667","30,222","30,222","28,000",352000000.00,-4.56%
19/08/2021,"30,037","30,296","30,370","30,000",139000000.00,-1.34%
18/08/2021,"30,445","30,852","30,889","30,370",279000000.00,-1.32%
17/08/2021,"30,852","31,333","31,370","30,741",198000000.00,-0.36%
16/08/2021,"30,963","30,222","31,037","29,926",254000000.00,2.45%
13/08/2021,"30,222","30,370","30,593","29,926",186000000.00,-0.49%
12/8/2021,"30,370","30,815","30,889","30,370",250000000.00,-1.44%
11/8/2021,"30,815","31,037","31,407","30,778",179000000.00,-0.48%
10/8/2021,"30,963","31,482","31,482","30,926",202000000.00,-0.48%
9/8/2021,"31,111","30,778","31,222","30,482",177000000.00,0.72%
6/8/2021,"30,889","31,259","31,296","30,889",175000000.00,-0.71%
5/8/2021,"31,111","30,630","31,259","30,370",283000000.00,1.57%
4/8/2021,"30,630","30,852","30,889","30,519",162000000.00,-0.60%
3/8/2021,"30,815","31,037","31,111","30,593",173000000.00,-0.36%
2/8/2021,"30,926","30,815","31,074","30,370",272000000.00,0.36%
30/07/2021,"30,815","30,074","30,889","30,074",254000000.00,2.59%
29/07/2021,"30,037","29,889","30,259","29,889",102000000.00,0.62%
28/07/2021,"29,852","28,889","30,445","28,889",165000000.00,1.51%
27/07/2021,"29,407","28,963","29,630","28,741",121000000.00,2.98%
26/07/2021,"28,556","28,926","29,630","28,296",230000000.00,-4.10%
23/07/2021,"29,778","30,667","30,741","29,778",196000000.00,-3.60%
22/07/2021,"30,889","30,370","31,037","29,630",162000000.00,1.46%
21/07/2021,"30,445","31,852","31,852","30,445",99540000.00,-2.14%
20/07/2021,"31,111","30,370","31,111","28,889",518000000.00,0.60%
19/07/2021,"30,926","31,926","31,926","30,926",292000000.00,-6.91%
16/07/2021,"33,222","33,704","33,926","33,148",107000000.00,-0.11%
15/07/2021,"33,259","32,593","34,074","31,482",280000000.00,1.13%
14/07/2021,"32,889","34,296","35,185","32,889",592000000.00,-6.92%
13/07/2021,"35,333","37,185","37,185","34,815",453000000.00,-3.05%
12/7/2021,"36,445","38,519","38,519","36,111",379000000.00,-6.11%
9/7/2021,"38,815","38,074","40,000","37,482",813000000.00,1.95%
8/7/2021,"38,074","37,000","38,296","36,741",458000000.00,3.21%
7/7/2021,"36,889","37,185","37,185","35,556",198000000.00,-1.39%
6/7/2021,"37,407","37,333","38,445","37,185",658000000.00,0.60%
5/7/2021,"37,185","37,778","37,778","36,778",175000000.00,0.20%
2/7/2021,"37,111","36,667","37,630","36,370",202000000.00,2.04%
1/7/2021,"36,370","36,370","37,037","36,148",101000000.00,-0.71%
30/06/2021,"36,630","37,037","37,185","36,519",57930000.00,-1.10%
29/06/2021,"37,037","37,333","37,704","36,963",140000000.00,0.10%
28/06/2021,"37,000","36,370","37,407","35,556",327000000.00,1.73%
25/06/2021,"36,370","37,037","37,037","36,148",142000000.00,-1.80%
24/06/2021,"37,037","37,407","37,778","36,889",83000000.00,-0.99%
23/06/2021,"37,407","37,630","38,074","37,407",193000000.00,-0.20%
22/06/2021,"37,482","37,778","37,778","37,185",140000000.00,0.40%
21/06/2021,"37,333","37,482","38,148","37,333",126000000.00,0.00%
18/06/2021,"37,333","37,778","37,778","37,037",66640000.00,0.80%
17/06/2021,"37,037","35,630","37,407","35,630",100000000.00,0.40%
16/06/2021,"36,889","37,037","37,778","36,852",178000000.00,-1.97%
15/06/2021,"37,630","38,370","38,370","37,630",140000000.00,-1.93%
14/06/2021,"38,370","39,037","39,111","38,296",177000000.00,-1.71%
11/6/2021,"39,037","38,519","39,333","37,407",234000000.00,1.54%
10/6/2021,"38,445","38,519","40,000","37,778",144000000.00,-1.14%
9/6/2021,"38,889","37,778","39,259","37,407",220000000.00,5.15%
8/6/2021,"36,984","38,201","38,624","36,508",205000000.00,-3.19%
7/6/2021,"38,201","39,365","39,577","36,455",244000000.00,-2.43%
4/6/2021,"39,154","39,630","40,159","38,783",245000000.00,0.00%
3/6/2021,"39,154","38,095","39,365","38,095",208000000.00,2.78%
2/6/2021,"38,095","37,460","38,201","37,037",270000000.00,0.98%
1/6/2021,"37,725","37,037","38,095","36,508",301000000.00,4.09%
31/05/2021,"36,243","34,286","36,349","34,127",241000000.00,6.53%
28/05/2021,"34,021","33,863","34,127","33,598",151000000.00,0.78%
27/05/2021,"33,757","34,392","34,392","33,598",327000000.00,1.27%
26/05/2021,"33,333","32,434","33,545","32,434",303000000.00,3.28%
25/05/2021,"32,275","32,275","32,275","32,011",162000000.00,0.00%
24/05/2021,"32,275","32,434","32,698","32,169",210000000.00,-0.49%
21/05/2021,"32,434","32,751","32,804","32,275",227000000.00,-0.81%
20/05/2021,"32,698","32,064","32,804","32,064",271000000.00,2.15%
19/05/2021,"32,011","31,746","32,275","30,847",340000000.00,3.24%
18/05/2021,"31,005","32,064","32,064","30,476",415000000.00,-3.93%
17/05/2021,"32,275","32,593","32,963","32,169",210000000.00,-2.09%
14/05/2021,"32,963","32,381","33,069","32,011",276000000.00,1.80%
13/05/2021,"32,381","32,381","32,751","32,381",213000000.00,-0.65%
12/5/2021,"32,593","32,381","33,069","32,222",197000000.00,0.49%
11/5/2021,"32,434","31,746","32,804","31,482",256000000.00,3.90%
10/5/2021,"31,217","30,900","31,482","30,900",138000000.00,0.51%
7/5/2021,"31,058","30,952","31,217","30,318",92140000.00,0.34%
6/5/2021,"30,952","29,101","31,111","29,101",404000000.00,6.36%
5/5/2021,"29,101","29,630","29,630","28,730",213000000.00,-0.72%
4/5/2021,"29,312","28,466","29,418","28,095",116000000.00,-0.36%
29/04/2021,"29,418","29,048","29,471","29,048",361000000.00,1.46%
28/04/2021,"28,995","28,201","29,101","28,042",191000000.00,2.81%
27/04/2021,"28,201","28,466","28,519","27,566",124000000.00,-0.93%
26/04/2021,"28,466","28,307","28,783","27,937",188000000.00,0.94%
23/04/2021,"28,201","28,042","28,201","27,249",177000000.00,0.00%
22/04/2021,"28,201","28,572","28,836","28,201",142000000.00,-1.30%
20/04/2021,"28,572","27,778","28,889","27,778",349000000.00,3.85%
19/04/2021,"27,513","26,984","27,566","26,984",107000000.00,1.96%
16/04/2021,"26,984","27,407","27,460","26,720",69480000.00,-1.73%
15/04/2021,"27,460","27,725","28,042","27,196",134000000.00,-0.77%
14/04/2021,"27,672","27,302","27,937","26,984",141000000.00,0.58%
13/04/2021,"27,513","28,042","28,201","27,407",125000000.00,-1.89%
12/4/2021,"28,042","26,825","28,095","26,825",82480000.00,4.54%
9/4/2021,"26,825","26,825","26,878","26,429",266000000.00,-0.98%
8/4/2021,"27,090","28,201","28,201","26,455",247000000.00,-3.94%
7/4/2021,"28,201","28,360","28,360","27,989",117000000.00,-0.56%
6/4/2021,"28,360","28,095","29,365","28,095",169000000.00,0.56%
5/4/2021,"28,201","28,307","28,307","26,984",250000000.00,5.13%
2/4/2021,"26,825","26,402","27,090","26,191",121000000.00,1.60%
1/4/2021,"26,402","25,900","26,455","25,609",188000000.00,3.10%
31/03/2021,"25,609","24,815","26,085","24,815",276000000.00,4.31%
30/03/2021,"24,550","23,280","24,603","23,280",222000000.00,5.57%
29/03/2021,"23,254","22,910","23,254","22,884",47210000.00,1.62%
26/03/2021,"22,884","22,804","23,175","22,222",119000000.00,0.35%
25/03/2021,"22,804","23,175","23,228","22,751",179000000.00,-1.60%
24/03/2021,"23,175","23,333","23,545","23,069",141000000.00,-1.57%
23/03/2021,"23,545","23,889","23,915","22,751",115000000.00,-1.44%
22/03/2021,"23,889","24,339","24,392","23,863",135000000.00,-1.20%
19/03/2021,"24,180","24,206","24,233","24,127",124000000.00,-0.11%
18/03/2021,"24,206","24,339","24,603","23,863",104000000.00,-0.54%
17/03/2021,"24,339","23,016","24,603","23,016",250000000.00,5.75%
16/03/2021,"23,016","23,228","23,280","22,963",61070000.00,-0.46%
15/03/2021,"23,122","23,228","23,280","23,069",93760000.00,0.58%
12/3/2021,"22,989","22,937","23,280","22,937",84180000.00,0.46%
11/3/2021,"22,884","23,175","23,175","22,857",64010000.00,0.70%
10/3/2021,"22,725","22,672","22,778","22,646",60460000.00,-0.12%
9/3/2021,"22,751","22,751","22,910","22,593",60800000.00,-0.35%
8/3/2021,"22,831","23,228","23,228","22,751",91850000.00,-0.35%
5/3/2021,"22,910","22,222","23,016","21,587",96200000.00,3.10%
4/3/2021,"22,222","22,857","22,884","22,064",196000000.00,-2.78%
3/3/2021,"22,857","22,804","22,963","22,778",130000000.00,-0.92%
2/3/2021,"23,069","23,545","23,598","22,540",211000000.00,2.71%
1/3/2021,"22,460","21,693","22,460","21,640",187000000.00,6.93%
26/02/2021,"21,005","20,106","21,058","20,106",208000000.00,3.25%
25/02/2021,"20,344","19,788","20,370","19,788",184000000.00,2.81%
24/02/2021,"19,788","19,709","20,027","19,709",171000000.00,0.54%
23/02/2021,"19,683","19,841","20,053","18,571",265000000.00,-1.33%
22/02/2021,"19,947","20,000","20,053","19,788",213000000.00,0.27%
19/02/2021,"19,894","19,471","20,106","19,471",101000000.00,0.40%
18/02/2021,"19,815","19,947","19,947","19,471",149000000.00,-0.80%
17/02/2021,"19,974","19,048","20,000","18,995",216000000.00,4.86%
9/2/2021,"19,048","18,201","19,048","18,201",206000000.00,3.45%
8/2/2021,"18,413","18,783","19,259","18,042",256000000.00,-1.70%
5/2/2021,"18,730","17,937","18,783","17,884",290000000.00,4.73%
4/2/2021,"17,884","17,989","17,989","17,619",59460000.00,-0.29%
3/2/2021,"17,937","17,196","17,937","16,931",102000000.00,6.10%
2/2/2021,"16,905","16,402","16,931","16,402",73280000.00,2.90%
1/2/2021,"16,429","16,931","16,931","16,243",53730000.00,-1.74%
29/01/2021,"16,720","15,450","16,931","15,450",86540000.00,1.44%
28/01/2021,"16,482","16,508","17,460","16,482",204000000.00,-6.88%
27/01/2021,"17,698","17,460","17,937","17,355",159000000.00,1.06%
26/01/2021,"17,513","18,069","18,069","17,460",94500000.00,-3.07%
25/01/2021,"18,069","18,095","18,095","17,884",77810000.00,0.00%
22/01/2021,"18,069","18,148","18,148","17,989",122000000.00,0.15%
21/01/2021,"18,042","17,725","18,042","17,460",115000000.00,3.49%
20/01/2021,"17,434","17,460","17,725","16,270",161000000.00,-0.15%
19/01/2021,"17,460","18,519","18,677","17,381",195000000.00,-6.52%
18/01/2021,"18,677","18,836","18,942","18,677",125000000.00,-0.98%
15/01/2021,"18,862","18,783","19,021","18,783",156000000.00,1.28%
14/01/2021,"18,624","18,386","18,783","18,386",155000000.00,1.44%
13/01/2021,"18,360","18,466","18,624","18,333",199000000.00,0.73%
12/1/2021,"18,228","18,042","18,466","18,042",114000000.00,0.00%
11/1/2021,"18,228","18,519","18,519","18,201",191000000.00,-0.86%
8/1/2021,"18,386","18,519","18,783","18,386",244000000.00,-0.71%
7/1/2021,"18,519","18,677","18,677","18,307",196000000.00,-0.99%
6/1/2021,"18,704","19,048","19,445","18,677",134000000.00,0.14%
5/1/2021,"18,677","17,460","18,677","17,460",405000000.00,6.97%
4/1/2021,"17,460","17,381","17,566","17,302",179000000.00,1.85%
31/12/2020,"17,143","17,355","17,513","17,143",263000000.00,-1.82%
30/12/2020,"17,460","17,566","17,725","17,407",163000000.00,0.30%
29/12/2020,"17,407","17,328","17,407","17,249",68080000.00,0.46%
28/12/2020,"17,328","17,566","17,672","17,169",165000000.00,-0.15%
25/12/2020,"17,355","16,931","17,407","16,878",84480000.00,2.18%
24/12/2020,"16,984","17,328","17,460","16,825",149000000.00,-1.99%
23/12/2020,"17,328","17,646","17,698","17,328",160000000.00,-2.09%
22/12/2020,"17,698","17,725","17,857","17,540",128000000.00,-0.89%
21/12/2020,"17,857","17,566","17,989","17,566",121000000.00,1.66%
18/12/2020,"17,566","17,460","17,672","17,275",111000000.00,1.22%
17/12/2020,"17,355","17,196","17,725","16,931",388000000.00,1.23%
16/12/2020,"17,143","16,905","17,196","16,878",150000000.00,1.41%
15/12/2020,"16,905","16,825","17,355","16,773",136000000.00,0.31%
14/12/2020,"16,852","16,984","17,143","16,852",147000000.00,-0.78%
11/12/2020,"16,984","16,773","17,196","16,614",183000000.00,1.26%
10/12/2020,"16,773","17,037","17,143","16,693",149000000.00,-1.55%
9/12/2020,"17,037","17,355","17,381","17,037",155000000.00,-1.23%
8/12/2020,"17,249","16,984","17,646","16,905",170000000.00,1.56%
7/12/2020,"16,984","17,249","17,355","16,878",139000000.00,-1.53%
4/12/2020,"17,249","16,931","17,460","16,429",291000000.00,0.62%
3/12/2020,"17,143","17,593","17,857","17,143",242000000.00,2.69%
2/12/2020,"16,693","15,926","16,693","15,873",321000000.00,6.95%
1/12/2020,"15,609","14,392","15,609","14,392",615000000.00,6.88%
30/11/2020,"14,603","14,815","14,815","14,603",59190000.00,-1.43%
27/11/2020,"14,815","14,788","14,815","14,736",67300000.00,0.00%
26/11/2020,"14,815","14,788","14,815","14,630",97930000.00,0.00%
25/11/2020,"14,815","14,788","14,815","14,709",94080000.00,0.18%
24/11/2020,"14,788","14,788","14,815","14,550",114000000.00,0.00%
23/11/2020,"14,788","14,921","14,921","14,550",93320000.00,-0.89%
20/11/2020,"14,921","15,027","15,027","14,868",79860000.00,-0.35%
19/11/2020,"14,974","15,185","15,185","14,868",231000000.00,3.07%
18/11/2020,"14,528","14,374","14,528","14,374",218000000.00,0.15%
17/11/2020,"14,506","14,484","14,550","14,462",269000000.00,0.15%
16/11/2020,"14,484","14,550","14,572","14,396",197000000.00,-0.30%
13/11/2020,"14,528","14,550","14,550","14,440",249000000.00,0.30%
12/11/2020,"14,484","14,374","14,550","14,374",206000000.00,0.46%
11/11/2020,"14,418","14,550","14,572","14,418",189000000.00,-0.30%
10/11/2020,"14,462","14,991","15,035","14,462",396000000.00,0.00%
29/10/2020,"14,462","14,109","14,683","13,977",214000000.00,0.61%
28/10/2020,"14,374","14,198","14,462","13,977",372000000.00,-0.61%
27/10/2020,"14,462","14,639","14,639","14,330",220000000.00,-1.21%
26/10/2020,"14,639","14,771","14,815","14,374",272000000.00,-0.90%
23/10/2020,"14,771","14,771","14,859","14,594",333000000.00,0.90%
22/10/2020,"14,639","14,771","14,771","14,550",79350000.00,-0.90%
21/10/2020,"14,771","14,815","14,815","14,506",249000000.00,-0.30%
20/10/2020,"14,815","14,815","15,212","14,462",157000000.00,-0.59%
19/10/2020,"14,903","14,771","15,035","14,727",199000000.00,1.81%
16/10/2020,"14,639","14,109","14,903","14,109",408000000.00,3.43%
15/10/2020,"14,153","13,889","14,153","13,668",130000000.00,1.58%
14/10/2020,"13,933","14,065","14,065","13,404",472000000.00,-0.94%
13/10/2020,"14,065","14,374","14,418","13,845",464000000.00,-2.45%
12/10/2020,"14,418","14,550","14,771","14,330",559000000.00,-0.91%
9/10/2020,"14,550","14,550","14,683","14,418",261000000.00,0.00%
8/10/2020,"14,550","14,771","14,815","13,095",774000000.00,-1.49%
7/10/2020,"14,771","14,550","14,991","14,330",1183000000.00,-0.59%
6/10/2020,"14,859","13,448","14,903","13,404",927000000.00,10.86%
5/10/2020,"13,404","12,875","13,448","12,875",468000000.00,3.40%
2/10/2020,"12,963","12,787","13,139","12,522",772000000.00,1.38%
1/10/2020,"12,787","12,213","12,787","12,213",489000000.00,4.69%
30/09/2020,"12,213","12,169","12,302","11,993",192000000.00,0.00%
29/09/2020,"12,213","12,125","12,346","11,993",519000000.00,1.47%
28/09/2020,"12,037","11,684","12,037","11,684",305000000.00,3.02%
25/09/2020,"11,684","11,288","11,684","11,288",301000000.00,2.71%
24/09/2020,"11,376","11,332","11,464","11,243",393000000.00,0.00%
23/09/2020,"11,376","11,067","11,508","11,067",609000000.00,2.79%
22/09/2020,"11,067","11,111","11,155","10,935",147000000.00,0.00%
21/09/2020,"11,067","11,023","11,376","10,979",286000000.00,0.40%
18/09/2020,"11,023","10,362","11,023","10,362",547000000.00,6.38%
17/09/2020,"10,362","10,362","10,450","10,318",162000000.00,0.00%
16/09/2020,"10,362","10,450","10,538","10,273",133000000.00,0.00%
15/09/2020,"10,362","9,965","10,494","9,965",445000000.00,3.52%
14/09/2020,"10,009","9,921","10,009","9,921",134000000.00,0.89%
11/9/2020,"9,921","9,877","9,921","9,833",68900000.00,0.45%
10/9/2020,"9,877","9,921","9,965","9,833",116000000.00,0.00%
9/9/2020,"9,877","9,744","9,877","9,700",200000000.00,-0.44%
8/9/2020,"9,921","9,877","9,965","9,788",161000000.00,0.45%
7/9/2020,"9,877","10,009","10,097","9,877",262000000.00,-1.32%
4/9/2020,"10,009","10,141","10,141","9,833",261000000.00,-0.87%
3/9/2020,"10,097","9,788","10,229","9,788",426000000.00,3.62%
1/9/2020,"9,744","9,700","9,788","9,612",130000000.00,0.45%
31/08/2020,"9,700","9,965","10,053","9,612",630000000.00,-2.65%
28/08/2020,"9,965","10,009","10,009","9,877",314000000.00,0.00%
27/08/2020,"9,965","9,788","9,965","9,788",241000000.00,1.80%
26/08/2020,"9,788","9,612","10,009","9,612",397000000.00,1.84%
25/08/2020,"9,612","9,524","9,744","9,480",931000000.00,1.87%
24/08/2020,"9,436","9,303","9,480","9,303",453000000.00,0.94%
21/08/2020,"9,347","9,215","9,392","9,215",210000000.00,1.43%
20/08/2020,"9,215","9,215","9,392","9,171",316000000.00,0.00%
19/08/2020,"9,215","9,215","9,303","9,171",211000000.00,0.00%
18/08/2020,"9,215","9,083","9,347","8,995",345000000.00,1.46%
17/08/2020,"9,083","9,039","9,127","8,907",109000000.00,1.48%
14/08/2020,"8,951","9,171","9,171","8,951",292000000.00,-2.40%
13/08/2020,"9,171","9,083","9,303","9,083",356000000.00,0.48%
12/8/2020,"9,127","8,907","9,215","8,907",660000000.00,2.48%
11/8/2020,"8,907","8,730","8,951","8,686",412000000.00,2.54%
10/8/2020,"8,686","8,554","8,818","8,554",279000000.00,1.55%
7/8/2020,"8,554","8,818","8,818","8,510",159000000.00,-0.51%
6/8/2020,"8,598","8,818","9,700","8,422",376000000.00,2.09%
5/8/2020,"8,422","8,377","8,510","8,333",175000000.00,0.53%
4/8/2020,"8,377","8,333","8,554","8,289",273000000.00,0.53%
3/8/2020,"8,333","7,981","8,333","7,937",389000000.00,5.00%
31/07/2020,"7,937","7,716","8,069","7,628",217000000.00,1.70%
30/07/2020,"7,804","7,716","7,937","7,716",243000000.00,1.14%
29/07/2020,"7,716","8,201","8,201","7,540",306000000.00,-5.91%
28/07/2020,"8,201","7,848","8,289","7,804",337000000.00,5.09%
27/07/2020,"7,804","8,377","8,377","7,716",766000000.00,-8.29%
24/07/2020,"8,510","8,951","8,951","8,333",741000000.00,-4.93%
23/07/2020,"8,951","9,039","9,127","8,818",289000000.00,-0.98%
22/07/2020,"9,039","8,995","9,171","8,907",401000000.00,1.49%
21/07/2020,"8,907","8,686","8,907","8,686",354000000.00,2.02%
20/07/2020,"8,730","8,642","8,774","8,598",405000000.00,1.02%
17/07/2020,"8,642","8,642","8,642","8,510",218000000.00,0.51%
16/07/2020,"8,598","8,377","8,686","8,377",449000000.00,2.63%
15/07/2020,"8,377","8,157","8,466","8,113",458000000.00,3.26%
14/07/2020,"8,113","8,113","8,157","8,069",83151000.00,0.00%
13/07/2020,"8,113","8,157","8,289","8,069",138000000.00,-0.54%
10/7/2020,"8,157","8,289","8,289","8,069",256000000.00,-1.59%
9/7/2020,"8,289","8,113","8,377","8,113",351000000.00,2.17%
8/7/2020,"8,113","7,848","8,245","7,804",422000000.00,3.37%
7/7/2020,"7,848","7,848","7,892","7,804",159000000.00,0.57%
6/7/2020,"7,804","7,804","7,848","7,716",165000000.00,0.00%
3/7/2020,"7,804","7,848","7,848","7,804",99957000.00,0.00%
2/7/2020,"7,804","7,804","7,848","7,716",299000000.00,0.00%
1/7/2020,"7,804","7,716","7,804","7,672",114000000.00,1.72%
30/06/2020,"7,672","7,716","7,804","7,584",115000000.00,0.00%
29/06/2020,"7,672","7,760","7,760","7,584",158000000.00,-1.14%
26/06/2020,"7,760","7,848","7,848","7,716",101000000.00,-1.12%
25/06/2020,"7,848","7,584","7,848","7,584",180000000.00,1.14%
24/06/2020,"7,760","7,716","7,848","7,672",139000000.00,0.57%
23/06/2020,"7,716","7,716","7,760","7,628",113000000.00,0.00%
22/06/2020,"7,716","7,760","7,760","7,672",103000000.00,0.00%
19/06/2020,"7,716","7,540","7,760","7,540",86038000.00,1.16%
18/06/2020,"7,628","7,540","7,628","7,496",49134000.00,1.17%
17/06/2020,"7,540","7,628","7,628","7,496",115000000.00,-0.58%
16/06/2020,"7,584","7,496","7,628","7,452",207000000.00,1.78%
15/06/2020,"7,452","7,628","7,672","7,363",203000000.00,-2.31%
12/6/2020,"7,628","7,275","7,716","7,275",314000000.00,1.77%
11/6/2020,"7,496","7,804","7,937","7,407",556000000.00,-4.49%
10/6/2020,"7,848","7,892","7,892","7,716",233000000.00,-1.11%
9/6/2020,"7,937","7,848","7,937","7,760",440000000.00,0.56%
8/6/2020,"7,892","7,760","7,937","7,716",265000000.00,1.70%
5/6/2020,"7,760","7,804","7,848","7,672",389000000.00,-0.57%
4/6/2020,"7,804","7,760","7,937","7,760",305000000.00,0.00%
3/6/2020,"7,804","7,496","7,804","7,496",511000000.00,4.12%
2/6/2020,"7,496","7,452","7,584","7,363",225000000.00,0.59%
1/6/2020,"7,452","7,187","7,540","7,187",475000000.00,3.68%
29/05/2020,"7,187","7,143","7,231","7,099",149000000.00,0.62%
28/05/2020,"7,143","7,143","7,187","7,055",207000000.00,0.00%
27/05/2020,"7,143","7,231","7,319","7,099",467000000.00,-1.22%
26/05/2020,"7,231","7,055","7,275","7,011",215000000.00,2.50%
25/05/2020,"7,055","6,967","7,143","6,790",351000000.00,2.56%
22/05/2020,"6,878","6,790","7,055","6,746",374000000.00,1.30%
21/05/2020,"6,790","6,702","6,834","6,658",201000000.00,1.99%
20/05/2020,"6,658","6,746","6,746","6,658",178000000.00,-1.31%
19/05/2020,"6,746","6,702","6,834","6,702",246000000.00,1.32%
18/05/2020,"6,658","6,614","6,658","6,570",114000000.00,0.67%
15/05/2020,"6,614","6,702","6,746","6,570",130000000.00,-1.31%
14/05/2020,"6,702","6,746","6,746","6,658",187000000.00,-0.65%
13/05/2020,"6,746","6,702","6,834","6,658",140000000.00,-0.65%
12/5/2020,"6,790","6,746","6,790","6,614",222000000.00,0.65%
11/5/2020,"6,746","6,526","6,746","6,482",292000000.00,3.38%
8/5/2020,"6,526","6,393","6,658","6,393",264000000.00,2.07%
7/5/2020,"6,393","6,305","6,437","6,305",77073000.00,0.69%
6/5/2020,"6,349","6,305","6,437","6,305",120000000.00,0.70%
5/5/2020,"6,305","6,305","6,349","6,261",47023000.00,0.00%
4/5/2020,"6,305","6,393","6,393","6,305",79578000.00,-1.38%
29/04/2020,"6,393","6,393","6,437","6,349",94991000.00,0.00%
28/04/2020,"6,393","6,349","6,393","6,261",87536000.00,0.69%
27/04/2020,"6,349","6,349","6,437","6,261",106000000.00,0.00%
24/04/2020,"6,349","6,393","6,437","6,349",82367000.00,-0.69%
23/04/2020,"6,393","6,393","6,570","6,393",80185000.00,0.00%
22/04/2020,"6,393","6,261","6,482","6,129",211000000.00,0.69%
21/04/2020,"6,349","6,614","6,702","6,261",271000000.00,-2.70%
20/04/2020,"6,526","6,570","6,746","6,482",298000000.00,0.68%
17/04/2020,"6,482","6,482","6,658","6,482",282000000.00,0.00%
16/04/2020,"6,482","6,482","6,526","6,349",111000000.00,-25.42%
15/04/2020,"8,691","8,512","8,929","8,512",349000000.00,2.82%
14/04/2020,"8,452","8,512","8,631","8,393",96775000.00,0.00%
13/04/2020,"8,452","8,452","8,631","8,333",92624000.00,0.00%
10/4/2020,"8,452","8,571","8,571","8,393",103000000.00,-1.39%
9/4/2020,"8,571","8,452","8,571","8,393",180000000.00,2.13%
8/4/2020,"8,393","8,512","8,512","8,274",99592000.00,-1.40%
7/4/2020,"8,512","8,571","8,750","8,333",109000000.00,0.00%
6/4/2020,"8,512","8,036","8,571","8,036",172000000.00,5.93%
3/4/2020,"8,036","7,857","8,095","7,798",134000000.00,2.27%
1/4/2020,"7,857","7,679","7,917","7,619",49521000.00,3.13%
31/03/2020,"7,619","7,679","7,917","7,441",156000000.00,0.79%
30/03/2020,"7,560","7,738","8,095","7,381",151000000.00,-7.30%
27/03/2020,"8,155","8,095","8,393","8,095",52189000.00,-0.72%
26/03/2020,"8,214","8,452","8,691","8,155",109000000.00,-4.83%
25/03/2020,"8,631","8,214","8,691","8,155",200000000.00,6.62%
24/03/2020,"8,095","7,917","8,095","7,798",136000000.00,3.82%
23/03/2020,"7,798","8,691","8,750","7,679",334000000.00,-10.88%
20/03/2020,"8,750","8,750","8,869","8,691",54491000.00,0.00%
19/03/2020,"8,750","8,929","8,988","8,631",128000000.00,-2.00%
18/03/2020,"8,929","8,869","9,107","8,869",102000000.00,0.00%
17/03/2020,"8,929","8,929","9,048","8,571",230000000.00,-0.66%
16/03/2020,"8,988","9,226","9,286","8,869",177000000.00,-1.95%
13/03/2020,"9,167","8,929","9,464","8,571",460000000.00,-1.91%
12/3/2020,"9,345","9,583","9,702","9,048",398000000.00,-5.42%
11/3/2020,"9,881","10,238","10,238","9,464",386000000.00,-2.92%
10/3/2020,"10,179","9,524","10,238","9,464",363000000.00,6.21%
9/3/2020,"9,583","10,655","10,655","9,107",991000000.00,-11.54%
6/3/2020,"10,833","10,952","10,952","10,655",148000000.00,0.00%
5/3/2020,"10,833","10,952","11,131","10,774",240000000.00,-1.09%
4/3/2020,"10,952","10,893","10,952","10,833",121000000.00,0.55%
3/3/2020,"10,893","10,893","11,131","10,893",295000000.00,0.00%
2/3/2020,"10,893","10,714","10,952","10,595",215000000.00,1.11%
28/02/2020,"10,774","10,833","10,893","10,655",321000000.00,-1.63%
27/02/2020,"10,952","10,595","11,012","10,536",228000000.00,3.37%
26/02/2020,"10,595","10,595","10,714","10,298",291000000.00,-1.11%
25/02/2020,"10,714","10,476","10,833","10,357",296000000.00,0.56%
24/02/2020,"10,655","11,191","11,191","10,536",385000000.00,-4.79%
21/02/2020,"11,191","10,833","11,429","10,833",803000000.00,2.73%
20/02/2020,"10,893","10,774","10,952","10,714",100000000.00,1.11%
19/02/2020,"10,774","10,714","10,774","10,655",167000000.00,1.12%
18/02/2020,"10,655","10,893","10,952","10,655",255000000.00,-2.19%
17/02/2020,"10,893","11,012","11,071","10,833",164000000.00,-0.54%
14/02/2020,"10,952","10,774","11,131","10,714",330000000.00,1.10%
13/02/2020,"10,833","10,417","11,012","10,357",624000000.00,4.00%
12/2/2020,"10,417","10,238","10,536","10,238",110000000.00,1.16%
11/2/2020,"10,298","10,238","10,298","10,179",82585000.00,1.76%
10/2/2020,"10,119","10,417","10,417","10,119",125000000.00,-2.86%
7/2/2020,"10,417","10,476","10,476","10,357",60523000.00,-1.13%
6/2/2020,"10,536","10,357","10,536","10,238",128000000.00,2.31%
5/2/2020,"10,298","10,238","10,417","10,238",125000000.00,0.58%
4/2/2020,"10,238","10,179","10,238","10,000",120000000.00,0.58%
3/2/2020,"10,179","10,000","10,179","9,821",218000000.00,0.00%
31/01/2020,"10,179","10,298","10,298","10,119",166000000.00,-1.16%
30/01/2020,"10,298","10,536","10,536","10,238",142000000.00,-2.81%
22/01/2020,"10,595","10,595","10,655","10,476",98171000.00,0.00%
21/01/2020,"10,595","10,476","10,655","10,476",186000000.00,1.71%
20/01/2020,"10,417","10,357","10,595","10,298",211000000.00,0.58%
17/01/2020,"10,357","10,417","10,595","10,298",135000000.00,-0.57%
16/01/2020,"10,417","10,298","10,536","10,298",116000000.00,1.16%
15/01/2020,"10,298","10,417","10,417","10,298",63703000.00,-1.14%
14/01/2020,"10,417","10,238","10,417","10,238",60335000.00,1.16%
13/01/2020,"10,298","10,179","10,357","10,119",88691000.00,1.76%
10/1/2020,"10,119","10,179","10,238","10,060",121000000.00,0.00%
9/1/2020,"10,119","10,060","10,298","10,060",93971000.00,0.59%
8/1/2020,"10,060","10,238","10,238","10,060",86701000.00,-1.74%
7/1/2020,"10,238","10,238","10,357","10,238",19297000.00,0.00%
6/1/2020,"10,238","10,417","10,417","10,238",60445000.00,-1.71%
3/1/2020,"10,417","10,476","10,536","10,357",65693000.00,-0.57%
2/1/2020,"10,476","10,357","10,536","10,357",62395000.00,1.73%
31/12/2019,"10,298","10,476","10,476","10,298",33280000.00,-1.14%
30/12/2019,"10,417","10,417","10,536","10,417",54145000.00,-0.57%
27/12/2019,"10,476","10,417","10,595","10,417",58470000.00,-0.56%
26/12/2019,"10,536","10,595","10,595","10,476",60755000.00,-0.56%
25/12/2019,"10,595","10,417","10,655","10,357",118000000.00,2.30%
24/12/2019,"10,357","10,357","10,417","10,238",35977000.00,0.00%
23/12/2019,"10,357","10,179","10,357","10,179",42730000.00,1.16%
20/12/2019,"10,238","10,179","10,238","10,179",26540000.00,0.58%
19/12/2019,"10,179","10,179","10,298","10,060",60857000.00,0.59%
18/12/2019,"10,119","10,060","10,179","10,060",28519000.00,0.59%
17/12/2019,"10,060","10,060","10,060","10,000",36016000.00,0.00%
16/12/2019,"10,060","10,060","10,119","10,000",23750000.00,0.00%
13/12/2019,"10,060","10,060","10,179","10,060",41637000.00,0.60%
12/12/2019,"10,000","10,000","10,060","9,941",55800000.00,0.00%
11/12/2019,"10,000","9,941","10,000","9,941",47331000.00,0.60%
10/12/2019,"9,941","10,000","10,000","9,881",87455000.00,-0.60%
9/12/2019,"10,000","10,000","10,060","9,941",37580000.00,0.00%
6/12/2019,"10,000","10,000","10,060","9,941",31822000.00,-0.59%
5/12/2019,"10,060","10,119","10,119","9,941",88102000.00,-0.59%
4/12/2019,"10,119","10,000","10,119","10,000",61594000.00,2.41%
3/12/2019,"9,881","10,357","10,476","9,821",126000000.00,-2.35%
2/12/2019,"10,119","10,298","10,298","10,060",65618000.00,-0.59%
29/11/2019,"10,179","10,238","10,238","10,179",63968000.00,-0.58%
28/11/2019,"10,238","10,357","10,357","10,119",124000000.00,-1.15%
27/11/2019,"10,357","10,357","10,417","10,298",41235000.00,0.58%
26/11/2019,"10,298","10,298","10,417","10,298",54900000.00,0.00%
25/11/2019,"10,298","10,298","10,357","10,179",41344000.00,-1.14%
22/11/2019,"10,417","10,417","10,476","10,238",118000000.00,0.00%
21/11/2019,"10,417","10,417","10,417","10,357",71071000.00,-0.57%
20/11/2019,"10,476","10,476","10,595","10,417",125000000.00,0.00%
19/11/2019,"10,476","10,417","10,536","10,417",60412000.00,0.57%
18/11/2019,"10,417","10,536","10,595","10,417",203000000.00,-1.13%
15/11/2019,"10,536","10,536","10,595","10,476",70866000.00,0.57%
14/11/2019,"10,476","10,595","10,595","10,476",74015000.00,-1.12%
13/11/2019,"10,595","10,655","10,655","10,536",54735000.00,-0.56%
12/11/2019,"10,655","10,595","10,655","10,595",86283000.00,0.56%
11/11/2019,"10,595","10,714","10,774","10,595",66609000.00,-1.11%
8/11/2019,"10,714","10,714","10,893","10,655",108000000.00,-0.55%
7/11/2019,"10,774","10,655","10,833","10,655",262000000.00,1.69%
6/11/2019,"10,595","10,595","10,774","10,595",140000000.00,0.00%
5/11/2019,"10,595","10,655","10,655","10,536",66816000.00,-0.56%
4/11/2019,"10,655","10,595","10,714","10,476",85892000.00,0.56%
1/11/2019,"10,595","10,417","10,595","10,417",72184000.00,1.71%
31/10/2019,"10,417","10,595","10,595","10,417",178000000.00,-1.68%
30/10/2019,"10,595","10,595","10,595","10,536",134000000.00,0.00%
29/10/2019,"10,595","10,655","10,655","10,476",95464000.00,-0.56%
28/10/2019,"10,655","10,714","10,833","10,595",133000000.00,0.00%
25/10/2019,"10,655","10,595","10,774","10,595",84327000.00,-0.56%
24/10/2019,"10,714","10,655","10,714","10,536",70248000.00,0.56%
23/10/2019,"10,655","10,536","10,655","10,536",83449000.00,1.13%
22/10/2019,"10,536","10,476","10,536","10,417",96214000.00,0.57%
21/10/2019,"10,476","10,655","10,714","10,417",317000000.00,-1.68%
18/10/2019,"10,655","10,714","10,833","10,655",159000000.00,-1.65%
17/10/2019,"10,833","10,893","10,952","10,714",169000000.00,-1.09%
16/10/2019,"10,952","11,250","11,310","10,893",319000000.00,-2.13%
15/10/2019,"11,191","11,071","11,191","11,012",221000000.00,1.08%
14/10/2019,"11,071","10,833","11,191","10,833",387000000.00,2.20%
11/10/2019,"10,833","10,774","10,893","10,714",34227000.00,0.55%
10/10/2019,"10,774","10,833","10,893","10,714",63664000.00,0.00%
9/10/2019,"10,774","10,714","10,893","10,714",73372000.00,0.56%
8/10/2019,"10,714","10,893","10,893","10,595",139000000.00,0.56%
7/10/2019,"10,655","11,012","11,071","10,536",255000000.00,-2.72%
4/10/2019,"10,952","11,071","11,131","10,952",165000000.00,-1.07%
3/10/2019,"11,071","10,952","11,131","10,833",192000000.00,0.54%
2/10/2019,"11,012","10,714","11,131","10,655",684000000.00,2.21%
1/10/2019,"10,774","10,833","10,833","10,595",160000000.00,0.56%
30/09/2019,"10,714","10,774","10,833","10,655",152000000.00,0.56%
27/09/2019,"10,655","10,774","10,893","10,655",253000000.00,-1.65%
26/09/2019,"10,833","10,298","10,893","10,298",591000000.00,5.20%
25/09/2019,"10,298","10,298","10,357","10,238",91671000.00,-0.57%
24/09/2019,"10,357","10,238","10,357","10,238",43632000.00,1.16%
23/09/2019,"10,238","10,298","10,357","10,238",71092000.00,-0.58%
20/09/2019,"10,298","10,298","10,417","10,238",56983000.00,0.00%
19/09/2019,"10,298","10,238","10,357","10,179",47796000.00,1.17%
18/09/2019,"10,179","10,417","10,417","10,179",87898000.00,-1.16%
17/09/2019,"10,298","10,417","10,417","10,298",70647000.00,-1.14%
16/09/2019,"10,417","10,536","10,595","10,357",107000000.00,-0.57%
13/09/2019,"10,476","10,179","10,595","10,119",71127000.00,1.73%
12/9/2019,"10,298","10,119","10,357","10,119",46346000.00,2.37%
11/9/2019,"10,060","10,119","10,179","10,000",54359000.00,0.60%
10/9/2019,"10,000","10,417","10,417","9,941",190000000.00,-2.89%
9/9/2019,"10,298","10,476","10,536","10,298",60207000.00,-2.26%
6/9/2019,"10,536","10,536","10,595","10,417",66169000.00,0.00%
5/9/2019,"10,536","10,536","10,595","10,476",33707000.00,0.57%
4/9/2019,"10,476","10,595","10,595","10,476",79090000.00,-0.56%
3/9/2019,"10,536","10,417","10,774","10,357",318000000.00,1.14%
30/08/2019,"10,417","10,417","10,655","10,357",47663000.00,0.00%
29/08/2019,"10,417","10,476","10,536","10,357",50242000.00,-0.57%
28/08/2019,"10,476","10,655","10,714","10,357",98984000.00,-1.68%
27/08/2019,"10,655","10,536","10,893","10,476",117000000.00,1.70%
26/08/2019,"10,476","10,655","10,655","10,476",97724000.00,-1.68%
23/08/2019,"10,655","10,595","10,714","10,595",113000000.00,0.00%
22/08/2019,"10,655","10,952","10,952","10,655",204000000.00,-1.65%
21/08/2019,"10,833","10,833","11,012","10,714",143000000.00,0.00%
20/08/2019,"10,833","10,893","10,952","10,774",136000000.00,0.00%
19/08/2019,"10,833","11,012","11,191","10,774",168000000.00,-1.09%
16/08/2019,"10,952","10,595","11,071","10,536",337000000.00,3.37%
15/08/2019,"10,595","10,060","10,655","9,941",187000000.00,5.33%
14/08/2019,"10,060","10,060","10,536","10,000",103000000.00,1.74%
13/08/2019,"9,887","10,038","10,089","9,837",162000000.00,-1.51%
12/8/2019,"10,038","10,038","10,089","9,938",200000000.00,-0.50%
9/8/2019,"10,089","10,038","10,190","10,038",213000000.00,0.00%
8/8/2019,"10,089","9,938","10,139","9,938",169000000.00,1.01%
7/8/2019,"9,988","9,635","10,240","9,584",422000000.00,3.66%
6/8/2019,"9,635","9,584","9,635","9,433",92044000.00,-0.52%
5/8/2019,"9,685","9,484","9,736","9,484",191000000.00,2.13%
2/8/2019,"9,484","9,484","9,584","9,433",122000000.00,-1.05%
1/8/2019,"9,584","9,433","9,635","9,383",100000000.00,1.60%
31/07/2019,"9,433","9,433","9,433","9,332",56444000.00,0.54%
30/07/2019,"9,383","9,534","9,584","9,383",143000000.00,-2.10%
29/07/2019,"9,584","9,635","9,736","9,433",120000000.00,-0.52%
26/07/2019,"9,635","9,635","9,685","9,584",48997000.00,0.00%
25/07/2019,"9,635","9,433","9,736","9,433",160000000.00,1.60%
24/07/2019,"9,484","9,383","9,484","9,282",103000000.00,1.08%
23/07/2019,"9,383","9,383","9,433","9,332",77894000.00,0.00%
22/07/2019,"9,383","9,484","9,534","9,231",82479000.00,-1.06%
19/07/2019,"9,484","9,383","9,534","9,383",79909000.00,0.00%
18/07/2019,"9,484","9,181","9,534","9,181",162000000.00,2.73%
17/07/2019,"9,231","9,282","9,383","9,181",137000000.00,-1.08%
16/07/2019,"9,332","9,231","9,484","9,231",139000000.00,1.09%
15/07/2019,"9,231","8,828","9,332","8,828",266000000.00,3.39%
12/7/2019,"8,929","8,576","8,979","8,576",185000000.00,4.12%
11/7/2019,"8,576","8,525","8,576","8,475",24403000.00,0.59%
10/7/2019,"8,525","8,525","8,576","8,475",28295000.00,0.00%
9/7/2019,"8,525","8,626","8,626","8,475",65572000.00,-1.17%
8/7/2019,"8,626","8,576","8,676","8,576",24715000.00,0.00%
5/7/2019,"8,626","8,676","8,777","8,576",23819000.00,1.99%
4/7/2019,"8,458","8,311","8,604","8,262",72252000.00,1.77%
3/7/2019,"8,311","8,018","8,311","8,018",55298000.00,3.03%
2/7/2019,"8,067","8,018","8,116","8,018",24071000.00,0.00%
1/7/2019,"8,067","7,969","8,116","7,969",13902000.00,0.61%
28/06/2019,"8,018","7,969","8,018","7,920",17798000.00,0.61%
27/06/2019,"7,969","8,067","8,164","7,969",70851000.00,-1.21%
26/06/2019,"8,067","7,969","8,164","7,284",25590000.00,0.00%
25/06/2019,"8,067","8,067","8,116","8,018",22596000.00,-0.60%
24/06/2019,"8,116","8,164","8,164","8,067",36138000.00,-0.60%
21/06/2019,"8,164","8,164","8,213","8,116",21199000.00,0.00%
20/06/2019,"8,164","7,969","8,213","7,969",24449000.00,1.21%
19/06/2019,"8,067","8,018","8,067","7,969",24255000.00,0.00%
18/06/2019,"8,067","8,164","8,164","8,018",33424000.00,-1.20%
17/06/2019,"8,164","8,116","8,213","8,067",36564000.00,0.00%
14/06/2019,"8,164","8,018","8,164","7,969",23457000.00,1.83%
13/06/2019,"8,018","8,067","8,067","7,969",17797000.00,0.00%
12/6/2019,"8,018","8,116","8,116","7,969",36569000.00,-1.20%
11/6/2019,"8,116","8,213","8,262","8,067",81569000.00,-1.19%
10/6/2019,"8,213","8,311","8,360","8,213",27518000.00,-1.75%
7/6/2019,"8,360","8,311","8,360","8,311",12322000.00,0.59%
6/6/2019,"8,311","8,507","8,507","8,311",38189000.00,-2.30%
5/6/2019,"8,507","8,507","8,751","8,409",28497000.00,0.39%
4/6/2019,"8,474","8,474","8,474","8,379",17106000.00,0.00%
3/6/2019,"8,474","8,474","8,521","8,379",53278000.00,-0.56%
31/05/2019,"8,521","8,521","8,616","8,474",82937000.00,0.00%
30/05/2019,"8,521","8,521","8,569","8,474",43039000.00,0.00%
29/05/2019,"8,521","8,616","8,616","8,521",38618000.00,-0.55%
28/05/2019,"8,569","8,569","8,569","8,521",26248000.00,-0.55%
27/05/2019,"8,616","8,663","8,663","8,521",59198000.00,-0.55%
24/05/2019,"8,663","8,711","8,711","8,616",46964000.00,-0.54%
23/05/2019,"8,711","8,758","8,758","8,711",21019000.00,-0.54%
22/05/2019,"8,758","8,758","8,758","8,711",45904000.00,0.00%
21/05/2019,"8,758","8,711","8,805","8,663",102000000.00,0.54%
20/05/2019,"8,711","8,805","8,805","8,711",81867000.00,-1.08%
17/05/2019,"8,805","8,805","8,805","8,711",95926000.00,0.00%
16/05/2019,"8,805","8,805","8,900","8,805",28385000.00,0.00%
15/05/2019,"8,805","8,758","8,853","8,711",31914000.00,0.54%
14/05/2019,"8,758","8,711","8,758","8,663",31157000.00,-28.18%
13/05/2019,"12,195","12,195","12,261","12,129",26594000.00,0.54%
10/5/2019,"12,129","12,062","12,129","11,996",26799000.00,1.11%
9/5/2019,"11,996","12,062","12,129","11,930",14602000.00,-0.55%
8/5/2019,"12,062","12,129","12,129","11,863",32958000.00,-1.09%
7/5/2019,"12,195","12,195","12,195","12,129",7543000.00,0.00%
6/5/2019,"12,195","12,327","12,327","12,129",22139000.00,-0.54%
3/5/2019,"12,261","12,460","12,460","12,261",30968000.00,-1.07%
2/5/2019,"12,394","12,592","12,592","12,394",32069000.00,-1.57%
26/04/2019,"12,592","12,592","12,725","12,526",12122000.00,0.00%
25/04/2019,"12,592","12,592","12,592","12,526",11711000.00,0.53%
24/04/2019,"12,526","12,460","12,592","12,460",13794000.00,0.53%
23/04/2019,"12,460","12,526","12,526","12,327",30287000.00,-1.05%
22/04/2019,"12,592","12,592","12,659","12,460",24453000.00,0.00%
19/04/2019,"12,592","12,725","12,725","12,592",12417000.00,0.00%
18/04/2019,"12,592","12,725","12,791","12,592",23892000.00,-1.05%
17/04/2019,"12,725","12,725","12,791","12,659",34663000.00,0.00%
16/04/2019,"12,725","12,924","12,924","12,592",10598000.00,0.00%
12/4/2019,"12,725","12,659","12,791","12,592",14558000.00,-0.52%
11/4/2019,"12,791","12,858","12,858","12,725",17383000.00,0.00%
10/4/2019,"12,791","12,858","12,858","12,659",33062000.00,-0.52%
9/4/2019,"12,858","12,924","12,990","12,858",74710000.00,-0.51%
8/4/2019,"12,924","12,858","12,924","12,791",64122000.00,0.51%
5/4/2019,"12,858","12,924","12,924","12,791",30867000.00,0.00%
4/4/2019,"12,858","12,725","12,924","12,725",66832000.00,1.05%
3/4/2019,"12,725","12,725","12,791","12,659",38789000.00,0.00%
2/4/2019,"12,725","12,725","12,858","12,659",64773000.00,0.00%
1/4/2019,"12,725","12,725","12,791","12,659",66162000.00,1.06%
29/03/2019,"12,592","12,725","12,858","12,592",74984000.00,0.00%
28/03/2019,"12,592","12,592","12,659","12,394",68612000.00,1.60%
27/03/2019,"12,394","12,394","12,460","12,327",20673000.00,1.08%
26/03/2019,"12,261","12,394","12,460","12,261",35492000.00,-0.54%
25/03/2019,"12,327","12,526","12,592","12,261",46594000.00,-3.13%
22/03/2019,"12,725","12,592","12,725","12,526",36939000.00,1.59%
21/03/2019,"12,526","12,791","12,858","12,526",42940000.00,-2.07%
20/03/2019,"12,791","12,924","12,924","12,592",83837000.00,-1.03%
19/03/2019,"12,924","13,056","13,189","12,592",56433000.00,-1.52%
18/03/2019,"13,123","13,056","13,189","12,990",54317000.00,0.51%
15/03/2019,"13,056","13,123","13,123","12,990",38569000.00,0.00%
14/03/2019,"13,056","13,189","13,189","13,056",28054000.00,-0.51%
13/03/2019,"13,123","12,924","13,388","12,858",136000000.00,2.06%
12/3/2019,"12,858","12,592","12,924","12,592",61072000.00,1.57%
11/3/2019,"12,659","12,592","12,725","12,460",40006000.00,0.53%
8/3/2019,"12,592","12,725","12,791","12,526",26773000.00,-1.05%
7/3/2019,"12,725","12,592","12,924","12,592",40567000.00,0.00%
6/3/2019,"12,725","12,460","12,924","12,261",83677000.00,1.59%
5/3/2019,"12,526","12,526","12,592","12,460",37080000.00,-0.52%
4/3/2019,"12,592","12,261","12,725","12,261",51168000.00,2.15%
1/3/2019,"12,327","12,261","12,394","12,195",22871000.00,0.54%
28/02/2019,"12,261","12,526","12,526","12,129",64980000.00,-1.60%
27/02/2019,"12,460","12,526","12,526","12,394",47012000.00,-0.53%
26/02/2019,"12,526","12,659","12,659","12,394",57058000.00,-0.52%
25/02/2019,"12,592","12,592","12,725","12,526",40586000.00,0.53%
22/02/2019,"12,526","12,791","12,791","12,460",67695000.00,-2.07%
21/02/2019,"12,791","12,725","12,858","12,659",113000000.00,0.52%
20/02/2019,"12,725","12,327","12,791","12,261",109000000.00,3.23%
19/02/2019,"12,327","11,996","12,460","11,996",155000000.00,2.20%
18/02/2019,"12,062","11,797","12,129","11,797",98983000.00,2.25%
15/02/2019,"11,797","11,731","11,863","11,665",22050000.00,1.13%
14/02/2019,"11,665","11,797","11,797","11,598",56465000.00,-1.67%
13/02/2019,"11,863","11,930","11,930","11,731",74020000.00,0.00%
12/2/2019,"11,863","11,996","12,062","11,797",45011000.00,-0.56%
11/2/2019,"11,930","11,665","12,062","11,665",44100000.00,2.27%
1/2/2019,"11,665","11,598","11,731","11,466",21119000.00,1.74%
31/01/2019,"11,466","11,532","11,598","11,400",33658000.00,0.00%
30/01/2019,"11,466","11,598","11,598","11,400",34504000.00,-1.14%
29/01/2019,"11,598","11,665","11,731","11,532",33879000.00,-0.57%
28/01/2019,"11,665","11,797","11,863","11,665",25533000.00,-1.12%
25/01/2019,"11,797","11,731","11,930","11,731",40770000.00,-0.56%
24/01/2019,"11,863","11,863","11,930","11,863",16548000.00,0.00%
23/01/2019,"11,863","11,797","11,930","11,797",25136000.00,-0.56%
22/01/2019,"11,930","11,930","12,062","11,863",15188000.00,-0.55%
21/01/2019,"11,996","11,665","12,062","11,665",27121000.00,1.12%
18/01/2019,"11,863","11,996","12,129","11,731",25833000.00,-1.65%
17/01/2019,"12,062","11,731","12,261","11,731",39001000.00,3.40%
16/01/2019,"11,665","11,731","11,731","11,665",14828000.00,0.00%
15/01/2019,"11,665","11,665","11,731","11,665",20009000.00,-0.56%
14/01/2019,"11,731","11,665","11,731","11,598",27227000.00,0.57%
11/1/2019,"11,665","11,797","11,797","11,665",13114000.00,-0.56%
10/1/2019,"11,731","11,797","11,797","11,731",5444000.00,-0.56%
9/1/2019,"11,797","11,797","11,797","11,598",26201000.00,0.00%
8/1/2019,"11,797","11,731","11,863","11,665",10851000.00,0.56%
7/1/2019,"11,731","11,665","11,797","11,665",15050000.00,0.57%
4/1/2019,"11,665","11,598","11,665","11,598",13164000.00,0.58%
3/1/2019,"11,598","11,797","11,863","11,532",13737000.00,-1.69%
2/1/2019,"11,797","11,930","11,930","11,731",15478000.00,1.13%
28/12/2018,"11,665","11,930","11,930","11,598",23351000.00,-1.67%
27/12/2018,"11,863","11,996","12,062","11,863",20774000.00,0.56%
26/12/2018,"11,797","11,930","11,930","11,797",19578000.00,-1.11%
25/12/2018,"11,930","12,062","12,129","11,731",35579000.00,-1.64%
24/12/2018,"12,129","12,195","12,261","12,129",11733000.00,-1.08%
21/12/2018,"12,261","12,394","12,394","12,062",22675000.00,-1.07%
20/12/2018,"12,394","11,996","12,394","11,996",8861000.00,2.18%
19/12/2018,"12,129","12,129","12,129","11,930",10609000.00,0.00%
18/12/2018,"12,129","12,261","12,261","11,863",57233000.00,-2.14%
17/12/2018,"12,394","12,791","12,791","12,261",31390000.00,-2.60%
14/12/2018,"12,725","12,990","12,990","12,725",19854000.00,-2.54%
13/12/2018,"13,056","12,924","13,056","12,858",32525000.00,1.02%
12/12/2018,"12,924","12,924","12,990","12,858",26353000.00,0.00%
11/12/2018,"12,924","12,858","12,990","12,791",14127000.00,0.51%
10/12/2018,"12,858","12,990","13,056","12,725",16133000.00,-1.52%
7/12/2018,"13,056","12,924","13,056","12,924",19525000.00,1.02%
6/12/2018,"12,924","12,924","13,056","12,858",32466000.00,-1.01%
5/12/2018,"13,056","12,858","13,056","12,791",30623000.00,0.00%
4/12/2018,"13,056","12,858","13,123","12,858",45051000.00,1.54%
3/12/2018,"12,858","12,592","12,990","12,592",45242000.00,3.74%
30/11/2018,"12,394","12,659","12,659","12,394",20635000.00,-1.57%
29/11/2018,"12,592","12,526","12,858","12,460",45640000.00,1.60%
28/11/2018,"12,394","12,592","12,592","12,394",9965000.00,-1.57%
27/11/2018,"12,592","12,659","12,659","12,460",9127000.00,0.00%
26/11/2018,"12,592","12,725","12,725","12,460",3873000.00,-0.53%
23/11/2018,"12,659","12,791","12,791","12,592",12093000.00,-1.03%
22/11/2018,"12,791","12,791","12,924","12,791",15528000.00,0.00%
21/11/2018,"12,791","12,924","12,924","12,592",8158000.00,-1.53%
20/11/2018,"12,990","13,189","13,255","12,924",12727000.00,-1.51%
19/11/2018,"13,189","13,255","13,255","13,123",17761000.00,1.02%
16/11/2018,"13,056","12,725","13,587","12,725",31874000.00,3.35%
15/11/2018,"12,633","12,680","12,773","12,586",67902000.00,-0.73%
14/11/2018,"12,726","12,680","12,773","12,633",36564000.00,1.11%
13/11/2018,"12,586","12,820","12,867","12,586",28758000.00,-2.18%
12/11/2018,"12,867","12,680","12,914","12,492",22867000.00,1.85%
9/11/2018,"12,633","13,055","13,149","12,633",38512000.00,-2.53%
8/11/2018,"12,961","12,633","13,055","12,633",59772000.00,4.15%
7/11/2018,"12,445","12,304","12,492","12,304",14295000.00,3.11%
6/11/2018,"12,070","12,254","12,254","12,024",14659000.00,0.77%
5/11/2018,"11,978","12,346","12,346","11,978",26496000.00,-2.98%
2/11/2018,"12,346","12,346","12,439","12,162",6922000.00,1.13%
1/11/2018,"12,208","12,439","12,485","12,208",5866000.00,-1.86%
31/10/2018,"12,439","12,208","12,623","12,208",7796000.00,1.51%
30/10/2018,"12,254","11,978","12,346","11,978",7800000.00,2.30%
29/10/2018,"11,978","11,978","12,208","11,978",14703000.00,0.00%
26/10/2018,"11,978","12,162","12,208","11,932",31227000.00,-1.51%
25/10/2018,"12,162","12,208","12,208","11,747",39463000.00,-0.75%
24/10/2018,"12,254","12,531","12,669","12,254",20395000.00,-2.92%
23/10/2018,"12,623","12,715","12,715","12,392",23540000.00,-0.72%
22/10/2018,"12,715","12,761","12,899","12,715",34213000.00,-0.72%
19/10/2018,"12,807","12,669","12,807","12,439",27445000.00,0.72%
18/10/2018,"12,715","12,715","12,761","12,577",8029000.00,0.00%
17/10/2018,"12,715","12,715","12,899","12,623",24149000.00,0.36%
16/10/2018,"12,669","12,623","12,853","12,623",9149000.00,0.73%
15/10/2018,"12,577","12,577","12,807","12,531",20005000.00,-1.09%
12/10/2018,"12,715","12,300","12,853","11,978",37442000.00,1.84%
11/10/2018,"12,485","13,176","13,176","11,747",73383000.00,-6.55%
10/10/2018,"13,360","13,222","13,774","13,130",27563000.00,0.69%
9/10/2018,"13,268","13,176","13,360","13,176",19702000.00,0.00%
8/10/2018,"13,268","13,498","13,590","13,176",19869000.00,-0.69%
5/10/2018,"13,360","13,544","13,544","13,314",48030000.00,-1.36%
4/10/2018,"13,544","13,360","13,590","13,360",32386000.00,0.68%
3/10/2018,"13,452","13,636","13,636","13,360",30635000.00,-1.02%
2/10/2018,"13,590","13,636","13,774","13,544",29930000.00,-0.34%
1/10/2018,"13,636","13,498","13,913","13,498",61792000.00,0.34%
28/09/2018,"13,590","13,314","13,636","13,176",50662000.00,2.07%
27/09/2018,"13,314","13,360","13,452","13,268",39907000.00,-0.34%
26/09/2018,"13,360","13,083","13,452","13,083",31822000.00,0.00%
25/09/2018,"13,360","13,360","13,452","13,314",16967000.00,-0.68%
24/09/2018,"13,452","13,314","13,452","13,083",60647000.00,2.09%
21/09/2018,"13,176","12,715","13,176","12,715",81395000.00,2.51%
20/09/2018,"12,853","12,669","12,853","12,669",13405000.00,1.45%
19/09/2018,"12,669","12,531","12,807","12,531",25740000.00,1.10%
18/09/2018,"12,531","12,577","12,623","12,485",16908000.00,-1.09%
17/09/2018,"12,669","12,669","12,715","12,623",44200000.00,-0.36%
14/09/2018,"12,715","12,623","12,715","12,577",16586000.00,0.73%
13/09/2018,"12,623","12,669","12,715","12,439",17395000.00,-0.36%
12/9/2018,"12,669","12,577","12,715","12,577",22751000.00,0.36%
11/9/2018,"12,623","12,300","12,623","12,300",32798000.00,2.63%
10/9/2018,"12,300","12,300","12,346","12,254",15661000.00,-0.37%
7/9/2018,"12,346","11,932","12,392","11,932",29190000.00,1.90%
6/9/2018,"12,116","11,978","12,208","11,886",32996000.00,0.77%
5/9/2018,"12,024","12,439","12,531","12,024",40179000.00,-2.61%
4/9/2018,"12,346","12,715","12,761","12,346",33343000.00,-3.94%
31/08/2018,"12,853","12,761","12,853","12,715",27666000.00,0.72%
30/08/2018,"12,761","12,715","12,761","12,623",27080000.00,0.36%
29/08/2018,"12,715","12,761","12,807","12,669",30964000.00,0.00%
28/08/2018,"12,715","13,037","13,037","12,623",64137000.00,-2.12%
27/08/2018,"12,991","12,945","13,314","12,945",52854000.00,-0.70%
24/08/2018,"13,083","13,130","13,176","12,807",44435000.00,-1.05%
23/08/2018,"13,222","13,176","13,268","13,037",16400000.00,-0.69%
22/08/2018,"13,314","13,360","13,452","13,176",30615000.00,0.35%
21/08/2018,"13,268","13,452","13,452","13,222",38657000.00,-1.37%
20/08/2018,"13,452","13,222","13,728","13,222",41622000.00,1.74%
17/08/2018,"13,222","13,037","13,452","12,991",63601000.00,1.06%
16/08/2018,"13,083","13,037","13,130","12,761",58308000.00,0.00%
15/08/2018,"13,083","13,037","13,728","13,037",67171000.00,0.71%
14/08/2018,"12,991","12,807","13,222","12,761",64427000.00,0.71%
13/08/2018,"12,899","12,577","12,945","12,485",65329000.00,1.82%
10/8/2018,"12,669","12,715","12,715","12,439",9924000.00,0.36%
9/8/2018,"12,623","12,669","12,853","12,577",13514000.00,-0.36%
8/8/2018,"12,669","12,439","12,715","12,439",25668000.00,3.00%
7/8/2018,"12,300","12,346","12,392","12,300",10333000.00,0.00%
6/8/2018,"12,300","12,254","12,392","12,254",7392000.00,-0.74%
3/8/2018,"12,392","12,392","12,485","12,254",27540000.00,2.28%
2/8/2018,"12,116","12,346","12,346","12,116",31610000.00,-1.86%
1/8/2018,"12,346","12,392","12,531","12,254",28043000.00,-1.84%
31/07/2018,"12,577","12,531","12,577","12,208",28993000.00,0.37%
30/07/2018,"12,531","12,485","12,577","12,162",54534000.00,0.74%
27/07/2018,"12,439","12,254","12,623","12,254",35970000.00,1.13%
26/07/2018,"12,300","12,392","12,392","12,116",25359000.00,-0.37%
25/07/2018,"12,346","12,761","12,807","12,346",29982000.00,-2.55%
24/07/2018,"12,669","13,083","13,083","12,485",44270000.00,-2.48%
23/07/2018,"12,991","12,899","13,314","12,899",45048000.00,1.80%
20/07/2018,"12,761","12,531","12,761","12,254",31878000.00,-1.07%
19/07/2018,"12,899","12,577","13,130","12,577",24966000.00,1.45%
18/07/2018,"12,715","11,978","12,715","11,978",40614000.00,6.15%
17/07/2018,"11,978","11,840","12,070","11,563",59694000.00,0.77%
16/07/2018,"11,886","11,517","12,254","11,425",18178000.00,2.79%
13/07/2018,"11,563","11,287","11,563","11,241",42965000.00,2.45%
12/7/2018,"11,287","11,195","11,471","11,056",28126000.00,2.09%
11/7/2018,"11,056","11,517","11,517","10,780",45623000.00,-4.00%
10/7/2018,"11,517","11,287","11,517","11,149",25333000.00,4.60%
9/7/2018,"11,010","11,056","11,517","10,826",38598000.00,-0.84%
6/7/2018,"11,103","10,918","11,471","10,365",25488000.00,4.78%
5/7/2018,"10,596","11,103","11,287","10,596",37775000.00,-6.50%
4/7/2018,"11,333","11,747","11,747","11,149",23906000.00,-1.60%
3/7/2018,"11,517","11,978","11,978","11,056",27604000.00,-3.10%
2/7/2018,"11,886","12,208","12,208","11,747",21661000.00,-4.45%
29/06/2018,"12,439","12,346","12,669","12,208",26208000.00,0.75%
28/06/2018,"12,346","12,439","12,439","12,300",21194000.00,-0.75%
27/06/2018,"12,439","12,669","12,669","12,439",28684000.00,-3.57%
26/06/2018,"12,899","12,669","12,899","12,439",30765000.00,1.45%
25/06/2018,"12,715","12,669","13,314","12,577",20611000.00,1.84%
22/06/2018,"12,485","12,531","12,669","12,439",23478000.00,0.37%
21/06/2018,"12,439","12,669","12,669","12,346",37097000.00,-1.46%
20/06/2018,"12,623","12,669","12,899","12,485",60230000.00,-0.36%
19/06/2018,"12,669","12,899","12,899","12,208",68488000.00,-3.51%
18/06/2018,"13,130","13,498","13,498","12,945",15444000.00,-2.73%
15/06/2018,"13,498","13,544","13,590","13,452",14724000.00,-0.68%
14/06/2018,"13,590","13,821","14,281","13,360",53390000.00,-2.64%
13/06/2018,"13,959","13,913","14,097","13,821",13477000.00,-0.33%
12/6/2018,"14,005","14,235","14,281","13,728",45724000.00,-2.87%
11/6/2018,"14,419","14,281","14,512","14,097",28131000.00,-0.32%
8/6/2018,"14,466","14,281","14,512","14,097",40538000.00,0.65%
7/6/2018,"14,373","14,051","14,512","14,005",66228000.00,2.97%
6/6/2018,"13,959","14,005","14,051","13,821",42030000.00,-0.33%
5/6/2018,"14,005","13,959","14,650","13,821",47728000.00,0.33%
4/6/2018,"13,959","12,899","14,189","12,899",49887000.00,7.45%
1/6/2018,"12,991","12,899","13,176","12,899",34748000.00,0.36%
31/05/2018,"12,945","12,761","13,037","12,715",47153000.00,1.08%
30/05/2018,"12,807","12,807","13,130","12,669",54485000.00,1.09%
29/05/2018,"12,669","12,208","13,222","12,208",80119000.00,5.77%
28/05/2018,"11,978","13,590","13,590","11,932",26764000.00,-10.65%
25/05/2018,"13,406","13,590","13,636","13,406",32890000.00,-2.02%
24/05/2018,"13,682","13,821","13,821","13,544",27657000.00,-1.01%
23/05/2018,"13,821","13,590","14,005","13,498",49737000.00,-0.66%
22/05/2018,"13,913","14,512","14,512","13,774",67086000.00,-4.13%
21/05/2018,"14,512","14,466","14,742","14,281",51097000.00,0.32%
18/05/2018,"14,466","14,926","14,926","14,189",45116000.00,-3.97%
17/05/2018,"15,064","15,157","15,157","14,834",17486000.00,-0.91%
16/05/2018,"15,203","15,341","15,433","15,064",13103000.00,-1.49%
15/05/2018,"15,433","15,617","15,617","15,387",4856000.00,1.51%
14/05/2018,"15,203","15,479","15,479","15,203",10886000.00,-3.50%
11/5/2018,"15,755","15,341","15,755","15,249",18820000.00,0.59%
10/5/2018,"15,663","15,802","16,216","15,663",15199000.00,-2.86%
9/5/2018,"16,124","16,354","16,354","16,124",16511000.00,-1.68%
8/5/2018,"16,400","16,585","16,861","16,262",27608000.00,0.56%
7/5/2018,"16,308","15,986","16,354","15,986",13894000.00,0.85%
4/5/2018,"16,170","16,493","16,585","16,124",13955000.00,-1.96%
3/5/2018,"16,493","15,203","16,493","14,972",59525000.00,5.30%
2/5/2018,"15,663","15,848","15,894","15,387",23708000.00,-2.58%
27/04/2018,"16,078","14,742","16,124","14,742",60491000.00,9.06%
26/04/2018,"14,742","16,585","16,585","14,512",64108000.00,-9.86%
24/04/2018,"16,354","16,585","16,953","15,940",122000000.00,-1.39%
23/04/2018,"16,585","17,829","17,829","16,585",87318000.00,-57.14%
20/04/2018,"38,700","38,000","44,200","37,000",59055000.00,121.07%
19/04/2018,"17,506","18,612","18,658","17,506",78849000.00,-4.28%
18/04/2018,"18,289","18,566","18,658","18,243",35133000.00,-1.25%
17/04/2018,"18,520","18,381","18,658","18,381",37074000.00,0.76%
16/04/2018,"18,381","18,381","18,704","18,059",55349000.00,0.00%
13/04/2018,"18,381","18,934","19,026","18,335",100000000.00,-2.92%
12/4/2018,"18,934","18,888","18,980","18,427",49820000.00,0.49%
11/4/2018,"18,842","19,118","19,303","18,566",114000000.00,-0.97%
10/4/2018,"19,026","18,381","19,118","18,243",224000000.00,3.51%
9/4/2018,"18,381","18,381","18,381","18,013",88799000.00,1.27%
6/4/2018,"18,151","18,289","18,289","18,059",49854000.00,0.77%
5/4/2018,"18,013","18,289","18,381","17,921",77813000.00,-0.51%
4/4/2018,"18,105","18,151","18,427","18,105",84000000.00,-0.25%
3/4/2018,"18,151","18,473","18,658","18,151",44979000.00,-2.24%
2/4/2018,"18,566","18,612","18,658","18,197",70670000.00,-0.49%
30/03/2018,"18,658","19,072","19,072","18,427",37372000.00,-0.98%
29/03/2018,"18,842","18,059","19,349","18,059",111000000.00,4.60%
28/03/2018,"18,013","18,427","18,473","17,921",51488000.00,-2.00%
27/03/2018,"18,381","18,427","18,658","18,335",48966000.00,1.01%
26/03/2018,"18,197","17,875","18,289","17,690",61577000.00,1.28%
23/03/2018,"17,967","18,243","18,243","17,552",138000000.00,-2.01%
22/03/2018,"18,335","18,427","18,427","18,151",42584000.00,-0.25%
21/03/2018,"18,381","18,658","18,796","17,967",263000000.00,-1.48%
20/03/2018,"18,658","18,980","19,165","18,520",219000000.00,-1.70%
19/03/2018,"18,980","19,902","19,948","18,888",186000000.00,-4.18%
16/03/2018,"19,809","19,809","20,178","19,211",133000000.00,0.00%
15/03/2018,"19,809","19,579","20,224","19,579",157000000.00,1.41%
14/03/2018,"19,533","18,842","19,533","18,243",162000000.00,6.80%
13/03/2018,"18,289","17,506","18,381","17,506",104000000.00,3.66%
12/3/2018,"17,644","18,013","18,151","17,414",408000000.00,-1.04%
9/3/2018,"17,829","17,875","18,289","17,736",313000000.00,-0.26%
8/3/2018,"17,875","17,184","17,967","17,137",288000000.00,4.31%
7/3/2018,"17,137","16,723","17,276","16,585",249000000.00,2.48%
6/3/2018,"16,723","16,354","16,723","15,940",164000000.00,3.71%
5/3/2018,"16,124","15,663","17,045","15,663",305000000.00,2.94%
2/3/2018,"15,663","14,926","16,032","14,742",214000000.00,4.62%
1/3/2018,"14,972","15,341","15,663","14,972",217000000.00,0.00%
28/02/2018,"14,972","14,281","16,124","14,281",559000000.00,5.86%
27/02/2018,"14,143","14,235","14,696","14,143",272000000.00,0.33%
26/02/2018,"14,097","14,235","14,281","14,097",63461000.00,0.00%
23/02/2018,"14,097","14,005","14,512","13,821",99542000.00,-1.29%
22/02/2018,"14,281","14,558","14,742","14,281",52149000.00,-1.59%
21/02/2018,"14,512","14,742","14,834","14,512",62602000.00,1.62%
13/02/2018,"14,281","13,959","14,972","13,959",86735000.00,1.97%
12/2/2018,"14,005","13,821","14,189","13,821",24830000.00,1.00%
9/2/2018,"13,867","13,774","13,867","12,577",37019000.00,0.33%
8/2/2018,"13,821","13,821","14,005","13,821",29822000.00,0.68%
7/2/2018,"13,728","13,821","13,821","13,360",23354000.00,10.36%
6/2/2018,"12,439","13,590","13,682","11,840",78461000.00,-9.39%
5/2/2018,"13,728","13,821","14,051","13,728",32963000.00,-1.33%
2/2/2018,"13,913","13,867","14,281","13,590",41745000.00,0.67%
1/2/2018,"13,821","14,005","14,005","13,728",27969000.00,-0.66%
31/01/2018,"13,913","13,959","14,189","13,913",51545000.00,0.33%
30/01/2018,"13,867","14,143","14,143","13,821",53440000.00,-0.66%
29/01/2018,"13,959","14,051","14,281","13,959",110000000.00,-0.65%
26/01/2018,"14,051","13,774","14,419","13,728",59430000.00,0.33%
25/01/2018,"14,005","13,682","14,466","13,360",42294000.00,3.05%
24/01/2018,"13,590","13,728","13,821","13,590",18477000.00,0.00%
23/01/2018,"13,590","13,821","14,235","13,590",50991000.00,-1.67%
22/01/2018,"13,821","14,281","14,281","13,406",59767000.00,-3.22%
19/01/2018,"14,281","14,281","14,373","14,143",69347000.00,0.32%
18/01/2018,"14,235","14,189","14,281","14,051",37189000.00,0.32%
17/01/2018,"14,189","13,821","14,327","13,821",138000000.00,5.84%
16/01/2018,"13,406","13,406","13,452","13,130",56090000.00,-0.34%
15/01/2018,"13,452","12,945","13,682","12,945",47896000.00,2.45%
12/1/2018,"13,130","12,346","13,314","12,346",70578000.00,6.35%
11/1/2018,"12,346","11,747","12,439","11,655",40209000.00,4.68%
10/1/2018,"11,794","11,886","11,886","11,655",24430000.00,0.79%
9/1/2018,"11,701","11,886","11,886","11,471",67099000.00,0.00%
8/1/2018,"11,701","11,287","11,840","11,287",141000000.00,5.39%
5/1/2018,"11,103","10,688","11,149","10,688",54752000.00,3.88%
4/1/2018,"10,688","10,734","10,872","10,596",49154000.00,0.87%
3/1/2018,"10,596","10,734","10,780","10,596",44284000.00,0.00%
2/1/2018,"10,596","10,596","10,780","10,504",11758000.00,0.00%
