Date,Price,Open,High,Low,Vol.,Change %
12/22/2023,80900.00,"80,900",81100,"80,400",1.58M,0.00%
12/21/2023,80900.00,"81,000",81000,"80,300",2.03M,-0.25%
12/20/2023,81100.00,"81,200",81300,"80,500",1.87M,-0.12%
12/19/2023,81200.00,"81,500",81500,"80,100",1.96M,-0.37%
12/18/2023,81500.00,"82,800",82900,"81,500",1.80M,-0.85%
12/15/2023,82200.00,"84,000",84400,"82,200",2.53M,-2.61%
12/14/2023,84400.00,"84,000",84500,"84,000",840.60K,0.84%
12/13/2023,83700.00,"84,200",84500,"83,700",1.15M,-0.59%
12/12/2023,84200.00,"84,700",84700,"84,000",1.01M,0.00%
12/11/2023,84200.00,"85,000",85300,"84,100",1.40M,-0.94%
12/8/2023,85000.00,"85,200",85500,"85,000",1.18M,-0.23%
12/7/2023,85200.00,"85,700",86000,"85,000",992.30K,-0.81%
12/6/2023,85900.00,"85,300",86000,"85,000",638.00K,0.59%
12/5/2023,85400.00,"86,000",86100,"84,800",992.80K,-0.70%
12/4/2023,86000.00,"85,400",86200,"84,800",888.10K,1.18%
12/1/2023,85000.00,"84,900",85000,"84,100",714.70K,0.35%
11/30/2023,84700.00,"85,100",85400,"84,700",927.60K,-0.47%
11/29/2023,85100.00,"85,400",85900,"85,100",733.10K,-0.82%
11/28/2023,85800.00,"85,500",85900,"84,800",779.40K,0.00%
11/27/2023,85800.00,"86,000",86000,"85,100",443.00K,-0.23%
11/24/2023,86000.00,"85,500",86000,"85,000",734.50K,0.58%
11/23/2023,85500.00,"86,700",86800,"85,500",647.20K,-1.38%
11/22/2023,86700.00,"86,300",86700,"85,500",1.01M,0.12%
11/21/2023,86600.00,"86,100",86700,"85,800",1.15M,0.58%
11/20/2023,86100.00,"85,600",87000,"85,000",1.10M,0.58%
11/17/2023,85600.00,"87,800",87900,"85,500",1.59M,-2.73%
11/16/2023,88000.00,"87,000",88000,"86,700",1.28M,0.34%
11/15/2023,87700.00,"86,500",87700,"86,500",4.07M,1.98%
11/14/2023,86000.00,"86,000",86500,"85,400",987.50K,0.58%
11/13/2023,85500.00,"86,000",86100,"85,400",937.70K,-0.58%
11/10/2023,86000.00,"87,100",87500,"86,000",1.35M,-2.16%
11/9/2023,87900.00,"89,500",89500,"87,900",1.17M,-1.79%
11/8/2023,89500.00,"88,000",89700,"87,900",1.27M,1.36%
11/7/2023,88300.00,"89,000",89300,"88,300",413.90K,-1.34%
11/6/2023,89500.00,"88,900",89800,"88,500",774.80K,0.67%
11/3/2023,88900.00,"89,000",89400,"88,100",1.09M,-0.11%
11/2/2023,89000.00,"88,000",89000,"86,600",1.06M,1.37%
11/1/2023,87800.00,"86,800",87800,"86,100",1.48M,1.15%
10/31/2023,86800.00,"85,900",86900,"84,900",1.35M,1.05%
10/30/2023,85900.00,"83,500",86000,"83,500",592.90K,1.06%
10/27/2023,85000.00,"84,600",85000,"83,800",773.40K,0.59%
10/26/2023,84500.00,"85,000",86000,"83,500",1.42M,-1.52%
10/25/2023,85800.00,"85,100",85800,"84,600",660.10K,-0.23%
10/24/2023,86000.00,"84,500",86500,"83,900",994.00K,1.78%
10/23/2023,84500.00,"84,500",84500,"82,500",966.60K,-0.35%
10/20/2023,84800.00,"83,500",85300,"82,700",938.40K,0.36%
10/19/2023,84500.00,"85,500",86000,"84,100",1.36M,-1.63%
10/18/2023,85900.00,"85,500",86000,"85,000",1.15M,0.00%
10/17/2023,85900.00,"86,100",86500,"85,500",363.40K,-0.23%
10/16/2023,86100.00,"85,600",86600,"85,600",332.30K,-0.58%
10/13/2023,86600.00,"86,000",86600,"85,500",663.10K,0.70%
10/12/2023,86000.00,"86,900",86900,"85,500",714.10K,-0.58%
10/11/2023,86500.00,"86,200",86500,"85,700",719.40K,0.46%
10/10/2023,86100.00,"84,600",86200,"84,600",734.10K,1.77%
10/9/2023,84600.00,"85,400",85400,"84,000",1.10M,-0.94%
10/6/2023,85400.00,"84,500",85400,"83,500",800.90K,1.07%
10/5/2023,84500.00,"86,000",86000,"84,500",890.00K,-2.09%
10/4/2023,86300.00,"86,300",86300,"85,300",923.80K,0.00%
10/3/2023,86300.00,"86,500",86700,"85,800",882.60K,-0.23%
10/2/2023,86500.00,"87,100",87200,"86,500",765.70K,-1.14%
9/29/2023,87500.00,"88,300",88300,"87,100",449.30K,-0.57%
9/28/2023,88000.00,"87,200",88300,"86,600",1.07M,0.23%
9/27/2023,87800.00,"87,600",89000,"87,000",1.20M,0.92%
9/26/2023,87000.00,"89,200",89400,"86,900",1.66M,-2.58%
9/25/2023,89300.00,"89,000",89500,"88,300",2.21M,0.00%
9/22/2023,89300.00,"86,400",89500,"86,000",2.41M,2.64%
9/21/2023,87000.00,"88,000",88000,"86,800",1.07M,-1.14%
9/20/2023,88000.00,"88,100",88400,"86,400",786.00K,-0.11%
9/19/2023,88100.00,"88,800",89200,"86,000",1.12M,-0.79%
9/18/2023,88800.00,"89,500",89700,"88,300",718.10K,-1.11%
9/15/2023,89800.00,"88,900",89800,"88,600",2.14M,0.79%
9/14/2023,89100.00,"89,000",89500,"88,100",1.51M,0.00%
9/13/2023,89100.00,"90,000",90000,"88,900",1.58M,-0.89%
9/12/2023,89900.00,"89,000",90000,"88,900",1.57M,1.58%
9/11/2023,88500.00,"89,600",90000,"88,000",1.65M,-1.12%
9/8/2023,89500.00,"89,500",89500,"89,100",1.34M,0.00%
9/7/2023,89500.00,"90,000",90800,"89,500",1.77M,-0.78%
9/6/2023,90200.00,"90,200",90200,"89,700",2.02M,0.11%
9/5/2023,90100.00,"89,100",90700,"89,100",1.94M,1.12%
8/31/2023,89100.00,"89,100",89600,"88,300",1.53M,0.00%
8/30/2023,89100.00,"88,500",89500,"88,500",1.35M,0.79%
8/29/2023,88400.00,"87,000",88500,"86,900",1.39M,1.61%
8/28/2023,87000.00,"86,400",87500,"86,200",1.38M,0.93%
8/25/2023,86200.00,"86,200",87000,"86,000",1.40M,-0.92%
8/24/2023,87000.00,"86,300",88200,"86,000",902.80K,0.81%
8/23/2023,86300.00,"88,900",88900,"86,100",1.75M,-2.38%
8/22/2023,88400.00,"89,500",89700,"87,800",1.83M,-1.56%
8/21/2023,89800.00,"89,700",90200,"89,200",1.71M,0.34%
8/18/2023,89500.00,"89,800",90300,"89,000",2.22M,0.11%
8/17/2023,89400.00,"89,200",89800,"88,600",2.15M,0.22%
8/16/2023,89200.00,"88,800",89400,"88,700",727.30K,0.34%
8/15/2023,88900.00,"90,000",90000,"88,500",1.15M,-0.11%
8/14/2023,89000.00,"90,300",90300,"89,000",1.47M,-1.55%
8/11/2023,90400.00,"88,500",90400,"88,500",920.80K,2.15%
8/10/2023,88500.00,"90,500",90500,"88,500",1.34M,-1.88%
8/9/2023,90200.00,"90,700",90900,"90,100",591.60K,-0.55%
8/8/2023,90700.00,"90,800",91200,"90,100",823.40K,-0.11%
8/7/2023,90800.00,"90,100",90800,"90,000",1.11M,0.78%
8/4/2023,90100.00,"90,700",91100,"90,100",1.23M,-0.55%
8/3/2023,90600.00,"91,500",91500,"90,500",837.90K,-0.98%
8/2/2023,91500.00,"91,200",91500,"91,000",1.06M,0.33%
8/1/2023,91200.00,"91,600",92800,"91,200",1.28M,-0.44%
7/31/2023,91600.00,"93,000",93200,"91,600",1.47M,-1.51%
7/28/2023,93000.00,"92,700",93000,"91,800",1.12M,0.32%
7/27/2023,92700.00,"93,700",93700,"92,500",957.20K,-0.75%
7/26/2023,93400.00,"91,900",93400,"91,900",1.15M,1.85%
7/25/2023,91700.00,"90,400",92500,"90,300",2.37M,3.54%
7/24/2023,88569.00,"88,992",89246,"88,484",954.84K,-15.65%
7/21/2023,105000.00,"105,000",105000,"104,000",663.40K,0.00%
7/20/2023,105000.00,"105,500",106400,"103,600",771.60K,-1.41%
7/19/2023,106500.00,"104,600",107100,"104,600",926.20K,2.11%
7/18/2023,104300.00,"104,900",105000,"104,300",590.00K,-0.48%
7/17/2023,104800.00,"105,000",105000,"104,200",791.60K,-0.19%
7/14/2023,105000.00,"104,900",105000,"104,000",797.70K,0.10%
7/13/2023,104900.00,"105,000",105000,"103,700",928.30K,0.87%
7/12/2023,104000.00,"102,700",104500,"102,700",742.80K,0.97%
7/11/2023,103000.00,"101,800",105000,"101,800",887.60K,0.29%
7/10/2023,102700.00,"104,900",104900,"102,300",915.10K,-2.19%
7/7/2023,105000.00,"100,500",105000,"100,400",1.06M,4.27%
7/6/2023,100700.00,"102,100",102200,"100,500",1.02M,-1.27%
7/5/2023,102000.00,"101,000",102500,"100,300",953.90K,2.00%
7/4/2023,100000.00,"100,700",101900,"99,900",682.70K,0.00%
7/3/2023,100000.00,"100,000",100800,"99,800",490.10K,0.00%
6/30/2023,100000.00,"101,100",101800,"100,000",556.60K,-1.86%
6/29/2023,101900.00,"101,800",103000,"101,100",640.60K,0.79%
6/28/2023,101100.00,"100,000",102200,"99,800",821.20K,1.10%
6/27/2023,100000.00,"100,000",101000,"99,700",685.90K,0.00%
6/26/2023,100000.00,"99,100",100900,"99,100",807.20K,0.10%
6/23/2023,99900.00,"100,400",100400,"99,500",705.20K,-0.50%
6/22/2023,100400.00,"102,000",102000,"99,900",716.50K,0.40%
6/21/2023,100000.00,"99,700",100500,"99,700",1.19M,0.10%
6/20/2023,99900.00,"101,100",101100,"99,800",1.78M,-1.77%
6/19/2023,101700.00,"103,600",104100,"101,700",1.14M,-3.14%
6/16/2023,105000.00,"104,200",106400,"103,200",1.33M,1.45%
6/15/2023,103500.00,"102,500",103700,"101,600",912.20K,0.88%
6/14/2023,102600.00,"102,400",104000,"101,500",840.50K,0.10%
6/13/2023,102500.00,"100,000",103000,"99,700",838.90K,1.49%
6/12/2023,101000.00,"99,900",101500,"98,100",435.10K,0.50%
6/9/2023,100500.00,"100,000",102000,"99,000",820.20K,0.50%
6/8/2023,100000.00,"97,000",101700,"97,000",1.34M,3.09%
6/7/2023,97000.00,"99,000",99000,"97,000",749.60K,-2.02%
6/6/2023,99000.00,"98,000",99000,"96,500",759.50K,1.02%
6/5/2023,98000.00,"95,200",98700,"95,200",1.30M,3.27%
6/2/2023,94900.00,"93,900",95000,"93,300",737.80K,1.06%
6/1/2023,93900.00,"94,600",94600,"93,200",646.30K,-0.11%
5/31/2023,94000.00,"93,900",94100,"93,100",380.10K,-0.53%
5/30/2023,94500.00,"93,100",94800,"92,400",564.50K,1.50%
5/29/2023,93100.00,"92,000",95000,"92,000",590.50K,1.20%
5/26/2023,92000.00,"93,200",93500,"92,000",283.70K,-1.29%
5/25/2023,93200.00,"92,600",94000,"91,400",606.60K,0.65%
5/24/2023,92600.00,"92,800",92800,"91,900",342.20K,-0.22%
5/23/2023,92800.00,"93,000",93600,"92,100",568.80K,-0.32%
5/22/2023,93100.00,"93,000",93900,"92,200",622.30K,-1.17%
5/19/2023,94200.00,"94,500",94900,"92,600",439.90K,-0.84%
5/18/2023,95000.00,"92,900",96000,"92,200",1.68M,2.37%
5/17/2023,92800.00,"92,500",93000,"92,300",572.70K,0.22%
5/16/2023,92600.00,"92,000",93100,"91,300",666.10K,0.98%
5/15/2023,91700.00,"92,000",93000,"91,200",450.50K,-1.19%
5/12/2023,92800.00,"91,000",92800,"90,800",710.50K,1.98%
5/11/2023,91000.00,"92,000",92100,"91,000",505.60K,-1.09%
5/10/2023,92000.00,"91,900",93000,"91,600",417.40K,-0.33%
5/9/2023,92300.00,"93,000",93900,"92,300",563.40K,-0.75%
5/8/2023,93000.00,"90,000",93200,"89,800",1.50M,3.56%
5/5/2023,89800.00,"88,500",89900,"88,200",225.70K,1.47%
5/4/2023,88500.00,"90,000",90000,"88,500",496.00K,-2.21%
4/28/2023,90500.00,"90,000",90500,"88,800",704.70K,0.56%
4/27/2023,90000.00,"88,700",90500,"88,400",580.40K,0.67%
4/26/2023,89400.00,"88,000",89500,"87,900",710.20K,1.25%
4/25/2023,88300.00,"88,200",88500,"87,500",545.80K,0.46%
4/24/2023,87900.00,"88,000",88500,"87,000",505.80K,0.46%
4/21/2023,87500.00,"88,000",88100,"87,400",356.50K,-0.91%
4/20/2023,88300.00,"88,800",88800,"88,000",257.80K,-0.23%
4/19/2023,88500.00,"88,100",88700,"88,000",416.90K,0.57%
4/18/2023,88000.00,"88,300",88600,"87,500",695.10K,-0.45%
4/17/2023,88400.00,"88,400",88500,"87,800",488.90K,0.00%
4/14/2023,88400.00,"88,300",89100,"88,200",414.80K,0.23%
4/13/2023,88200.00,"88,300",88500,"87,800",491.00K,-0.11%
4/12/2023,88300.00,"88,300",88600,"88,000",518.40K,0.11%
4/11/2023,88200.00,"89,000",90000,"88,200",751.60K,-0.90%
4/10/2023,89000.00,"90,000",90000,"89,000",639.30K,-1.11%
4/7/2023,90000.00,"91,000",91100,"89,500",747.20K,-1.32%
4/6/2023,91200.00,"91,500",92100,"91,200",376.30K,-0.98%
4/5/2023,92100.00,"92,300",92300,"91,100",336.00K,0.11%
4/4/2023,92000.00,"92,800",92900,"91,600",269.90K,-0.86%
4/3/2023,92800.00,"91,700",92900,"91,200",736.70K,1.53%
3/31/2023,91400.00,"92,800",93200,"90,500",950.60K,-1.40%
3/30/2023,92700.00,"92,300",93200,"92,000",409.70K,0.43%
3/29/2023,92300.00,"92,500",92500,"90,500",422.80K,0.54%
3/28/2023,91800.00,"90,800",92900,"90,100",845.80K,0.88%
3/27/2023,91000.00,"89,000",91000,"88,000",730.10K,2.25%
3/24/2023,89000.00,"91,000",91000,"88,900",630.00K,-1.87%
3/23/2023,90700.00,"88,800",90700,"87,300",849.50K,1.91%
3/22/2023,89000.00,"86,600",89900,"86,600",1.06M,2.89%
3/21/2023,86500.00,"85,400",89900,"85,400",1.06M,1.65%
3/20/2023,85100.00,"89,000",89500,"85,100",1.03M,-4.38%
3/17/2023,89000.00,"91,000",91100,"89,000",2.27M,-2.20%
3/16/2023,91000.00,"91,000",92000,"89,500",806.00K,-0.44%
3/15/2023,91400.00,"91,600",92000,"91,100",807.80K,0.44%
3/14/2023,91000.00,"91,000",91200,"90,500",863.70K,-0.55%
3/13/2023,91500.00,"92,000",92000,"90,800",759.20K,-0.65%
3/10/2023,92100.00,"92,200",92500,"91,500",707.80K,-0.97%
3/9/2023,93000.00,"92,000",93400,"91,700",1.10M,0.87%
3/8/2023,92200.00,"91,000",92200,"90,700",871.90K,0.33%
3/7/2023,91900.00,"91,500",92500,"91,100",970.30K,0.99%
3/6/2023,91000.00,"91,000",92200,"91,000",711.90K,0.11%
3/3/2023,90900.00,"91,800",92800,"90,900",798.60K,-2.47%
3/2/2023,93200.00,"93,000",93800,"91,800",984.70K,0.22%
3/1/2023,93000.00,"92,300",93400,"92,200",729.70K,-0.53%
2/28/2023,93500.00,"93,100",93700,"92,600",565.80K,0.75%
2/27/2023,92800.00,"93,000",93500,"91,700",501.00K,-0.75%
2/24/2023,93500.00,"93,000",94000,"90,000",631.40K,0.21%
2/23/2023,93300.00,"93,000",94000,"91,200",1.03M,0.32%
2/22/2023,93000.00,"94,200",94300,"92,500",1.03M,-1.27%
2/21/2023,94200.00,"94,200",94900,"94,000",675.50K,0.43%
2/20/2023,93800.00,"93,000",94500,"93,000",1.10M,0.86%
2/17/2023,93000.00,"93,000",93300,"92,000",918.90K,0.65%
2/16/2023,92400.00,"93,000",94000,"92,200",776.60K,-0.65%
2/15/2023,93000.00,"92,500",94200,"91,200",899.30K,0.54%
2/14/2023,92500.00,"93,500",93500,"91,200",1.14M,-1.07%
2/13/2023,93500.00,"94,800",95400,"92,000",872.70K,-1.06%
2/10/2023,94500.00,"94,500",94500,"92,800",647.70K,1.61%
2/9/2023,93000.00,"93,800",95000,"93,000",759.40K,-1.27%
2/8/2023,94200.00,"92,100",96200,"92,100",884.80K,2.39%
2/7/2023,92000.00,"95,300",95500,"92,000",1.20M,-4.17%
2/6/2023,96000.00,"92,600",96300,"91,500",1.15M,3.23%
2/3/2023,93000.00,"90,300",93000,"89,100",893.40K,2.65%
2/2/2023,90600.00,"88,600",92000,"88,600",984.60K,1.68%
2/1/2023,89100.00,"92,000",92500,"89,100",1.14M,-3.05%
1/31/2023,91900.00,"89,900",91900,"87,800",1.45M,2.22%
1/30/2023,89900.00,"92,100",92500,"89,800",1.05M,-3.33%
1/27/2023,93000.00,"93,000",94600,"91,500",1.55M,0.00%
1/19/2023,93000.00,"89,500",96000,"87,500",1.72M,3.33%
1/18/2023,90000.00,"90,000",91000,"89,400",834.00K,0.67%
1/17/2023,89400.00,"88,500",89400,"87,300",644.60K,2.41%
1/16/2023,87300.00,"86,000",88500,"86,000",735.20K,1.75%
1/13/2023,85800.00,"85,200",86500,"85,200",822.00K,1.18%
1/12/2023,84800.00,"85,200",85200,"83,800",1.88M,-0.35%
1/11/2023,85100.00,"87,300",87300,"85,100",983.00K,-2.52%
1/10/2023,87300.00,"86,200",89900,"86,200",2.11M,0.46%
1/9/2023,86900.00,"85,800",86900,"84,800",1.67M,3.45%
1/6/2023,84000.00,"84,000",84800,"83,900",1.13M,0.00%
1/5/2023,84000.00,"82,800",84000,"82,500",1.08M,1.45%
1/4/2023,82800.00,"82,900",82900,"81,800",837.90K,0.24%
1/3/2023,82600.00,"80,200",82600,"80,200",1.09M,3.25%
12/30/2022,80000.00,"82,900",83100,"80,000",1.51M,-0.87%
12/29/2022,80700.00,"82,300",82500,"80,500",1.24M,0.88%
12/28/2022,80000.00,"80,400",82000,"79,500",1.17M,1.14%
12/27/2022,79100.00,"80,200",80500,"78,900",1.06M,0.25%
12/26/2022,78900.00,"79,200",80800,"78,900",1.20M,-0.25%
12/23/2022,79100.00,"80,200",81200,"79,100",1.08M,-0.25%
12/22/2022,79300.00,"79,500",81100,"79,300",1.07M,0.76%
12/21/2022,78700.00,"81,400",81400,"78,700",962.00K,-0.38%
12/20/2022,79000.00,"79,700",82000,"79,000",1.42M,-0.25%
12/19/2022,79200.00,"80,000",81000,"79,000",757.50K,-0.63%
12/16/2022,79700.00,"79,500",82900,"78,900",3.16M,0.25%
12/15/2022,79500.00,"78,800",80700,"78,600",1.25M,0.89%
12/14/2022,78800.00,"79,700",79700,"78,500",1.08M,0.77%
12/13/2022,78200.00,"78,100",79300,"77,900",2.23M,1.03%
12/12/2022,77400.00,"78,800",80500,"77,400",2.11M,0.13%
12/9/2022,77300.00,"78,400",79200,"77,100",1.68M,0.39%
12/8/2022,77000.00,"79,000",81000,"77,000",2.11M,-1.91%
12/7/2022,78500.00,"80,000",82000,"78,000",1.46M,-1.88%
12/6/2022,80000.00,"85,000",85200,"80,000",1.31M,-5.88%
12/5/2022,85000.00,"84,100",87000,"82,500",1.66M,0.00%
12/2/2022,85000.00,"79,900",85000,"79,300",1.24M,6.25%
12/1/2022,80000.00,"80,900",81400,"79,200",1.18M,-1.23%
11/30/2022,81000.00,"80,300",81000,"77,000",1.32M,1.50%
11/29/2022,79800.00,"76,000",79800,"76,000",1.71M,4.04%
11/28/2022,76700.00,"74,500",77000,"73,800",1.34M,4.92%
11/25/2022,73100.00,"73,100",73600,"72,800",1.68M,0.14%
11/24/2022,73000.00,"73,500",74000,"72,500",1.08M,-0.68%
11/23/2022,73500.00,"73,000",73500,"72,400",794.20K,0.00%
11/22/2022,73500.00,"74,500",76000,"72,500",1.94M,-2.00%
11/21/2022,75000.00,"76,500",76500,"75,000",1.11M,-1.96%
11/18/2022,76500.00,"75,900",76900,"73,600",1.56M,0.00%
11/17/2022,76500.00,"76,100",76600,"75,500",1.65M,1.86%
11/16/2022,75100.00,"70,300",78000,"70,300",2.35M,0.13%
11/15/2022,75000.00,"74,400",76400,"72,100",1.58M,-0.13%
11/14/2022,75100.00,"75,500",76500,"74,100",1.54M,-0.53%
11/11/2022,75500.00,"73,000",75500,"73,000",1.31M,3.71%
11/10/2022,72800.00,"73,900",73900,"71,600",958.50K,-1.62%
11/9/2022,74000.00,"73,500",74200,"72,600",1.21M,1.93%
11/8/2022,72600.00,"72,000",75000,"71,600",1.66M,1.11%
11/7/2022,71800.00,"71,800",73000,"71,100",1.23M,0.00%
11/4/2022,71800.00,"71,500",72500,"68,900",1.54M,-1.64%
11/3/2022,73000.00,"72,000",73400,"72,000",726.60K,-0.82%
11/2/2022,73600.00,"74,000",74500,"72,000",1.26M,-1.87%
11/1/2022,75000.00,"74,000",75000,"73,300",826.10K,2.04%
10/31/2022,73500.00,"73,500",73500,"72,500",659.40K,2.65%
10/28/2022,71600.00,"72,500",74500,"71,600",1.56M,-0.14%
10/27/2022,71700.00,"70,500",72900,"69,300",1.30M,2.43%
10/26/2022,70000.00,"70,600",70600,"68,500",591.40K,0.14%
10/25/2022,69900.00,"66,000",70600,"66,000",1.54M,2.79%
10/24/2022,68000.00,"69,500",69500,"65,800",670.10K,0.00%
10/21/2022,68000.00,"69,200",70700,"68,000",1.28M,-1.73%
10/20/2022,69200.00,"67,900",70000,"67,100",1.52M,1.91%
10/19/2022,67900.00,"67,900",68000,"67,300",627.40K,0.30%
10/18/2022,67700.00,"68,000",68000,"67,300",885.00K,2.11%
10/17/2022,66300.00,"67,300",68000,"65,500",1.24M,-2.64%
10/14/2022,68100.00,"68,500",68500,"67,300",1.60M,2.41%
10/13/2022,66500.00,"64,100",66500,"62,700",1.60M,3.91%
10/12/2022,64000.00,"63,000",65300,"62,200",1.52M,3.23%
10/11/2022,62000.00,"65,300",66000,"62,000",1.16M,-4.76%
10/10/2022,65100.00,"66,500",67700,"64,100",1.32M,-2.40%
10/7/2022,66700.00,"69,600",69600,"65,300",2.11M,-4.85%
10/6/2022,70100.00,"72,000",72000,"69,900",751.50K,-1.96%
10/5/2022,71500.00,"71,400",72000,"71,100",835.00K,0.28%
10/4/2022,71300.00,"70,000",71900,"69,500",1.28M,0.99%
10/3/2022,70600.00,"73,500",73800,"70,300",894.90K,-3.55%
9/30/2022,73200.00,"73,200",74300,"72,400",1.26M,-1.08%
9/29/2022,74000.00,"76,000",76000,"74,000",587.80K,-1.33%
9/28/2022,75000.00,"74,000",75000,"73,800",587.70K,0.94%
9/27/2022,74300.00,"76,000",76000,"74,200",653.40K,-0.93%
9/26/2022,75000.00,"75,100",77000,"74,100",1.26M,-1.19%
9/23/2022,75900.00,"77,200",77700,"75,800",1.03M,-2.69%
9/22/2022,78000.00,"77,700",78600,"77,500",1.18M,-1.14%
9/21/2022,78900.00,"79,300",79600,"77,900",499.20K,-0.38%
9/20/2022,79200.00,"78,800",80000,"78,600",521.20K,0.51%
9/19/2022,78800.00,"79,000",80200,"78,000",938.50K,-1.50%
9/16/2022,80000.00,"79,300",80000,"78,500",1.52M,1.01%
9/15/2022,79200.00,"78,500",79300,"78,100",611.90K,1.15%
9/14/2022,78300.00,"77,200",79500,"77,000",1.09M,-0.38%
9/13/2022,78600.00,"79,400",79400,"78,600",1.19M,-0.63%
9/12/2022,79100.00,"79,600",79700,"78,800",700.80K,0.38%
9/9/2022,78800.00,"78,500",79300,"78,200",1.03M,1.03%
9/8/2022,78000.00,"80,900",80900,"78,000",1.07M,-2.50%
9/7/2022,80000.00,"82,000",82500,"79,800",2.29M,-3.26%
9/6/2022,82700.00,"82,600",84000,"82,100",1.03M,0.12%
9/5/2022,82600.00,"84,000",84300,"82,500",1.55M,-1.67%
8/31/2022,84000.00,"86,000",86500,"84,000",1.06M,-2.33%
8/30/2022,86000.00,"82,500",86000,"82,500",2.50M,4.24%
8/29/2022,82500.00,"81,400",82500,"80,900",951.50K,0.00%
8/26/2022,82500.00,"82,000",83700,"82,000",1.56M,0.61%
8/25/2022,82000.00,"82,200",82200,"81,300",538.80K,0.00%
8/24/2022,82000.00,"81,200",82900,"80,300",1.08M,2.24%
8/23/2022,80200.00,"80,000",81300,"79,900",648.00K,0.25%
8/22/2022,80000.00,"80,100",81500,"80,000",525.80K,-1.11%
8/19/2022,80900.00,"80,600",82000,"80,600",1.15M,-0.74%
8/18/2022,81500.00,"81,300",82000,"81,200",1.57M,0.00%
8/17/2022,81500.00,"81,200",81700,"81,200",764.00K,0.00%
8/16/2022,81500.00,"82,000",82000,"81,100",687.10K,-0.37%
8/15/2022,81800.00,"82,000",82300,"81,700",1.26M,0.25%
8/12/2022,81600.00,"81,500",81900,"80,900",1.25M,0.12%
8/11/2022,81500.00,"81,300",82000,"80,600",1.17M,1.24%
8/10/2022,80500.00,"80,100",81000,"80,100",507.50K,-0.37%
8/9/2022,80800.00,"82,000",82000,"79,900",1.22M,-1.46%
8/8/2022,82000.00,"82,000",82500,"81,900",915.00K,0.00%
8/5/2022,82000.00,"82,000",82400,"81,100",1.40M,-0.61%
8/4/2022,82500.00,"79,500",82500,"79,400",2.26M,3.77%
8/3/2022,79500.00,"78,300",79500,"78,000",1.01M,0.76%
8/2/2022,78900.00,"77,000",79200,"76,000",1.78M,2.47%
8/1/2022,77000.00,"74,700",77000,"74,400",1.58M,3.08%
7/29/2022,74700.00,"75,400",75500,"74,700",1.18M,-0.80%
7/28/2022,75300.00,"75,400",75600,"74,800",1.16M,0.40%
7/27/2022,75000.00,"74,000",75000,"73,700",1.26M,1.49%
7/26/2022,73900.00,"73,200",74400,"73,200",1.12M,1.37%
7/25/2022,72900.00,"72,400",73200,"72,000",962.70K,0.55%
7/22/2022,72500.00,"72,100",72700,"72,000",1.01M,0.00%
7/21/2022,72500.00,"72,500",72900,"72,100",1.16M,0.00%
7/20/2022,72500.00,"71,600",72500,"71,600",544.90K,1.68%
7/19/2022,71300.00,"72,000",72100,"71,100",812.10K,-0.97%
7/18/2022,72000.00,"72,500",72900,"72,000",391.40K,-0.41%
7/15/2022,72300.00,"72,100",73500,"72,100",597.50K,-0.14%
7/14/2022,72400.00,"71,800",72800,"71,600",329.40K,0.84%
7/13/2022,71800.00,"71,800",73400,"71,400",1.38M,-0.14%
7/12/2022,71900.00,"72,100",72600,"71,700",811.50K,-0.14%
7/11/2022,72000.00,"73,300",73500,"72,000",660.80K,-2.70%
7/8/2022,74000.00,"74,900",75000,"73,900",761.00K,-1.99%
7/7/2022,75500.00,"72,700",75500,"71,700",1.26M,3.71%
7/6/2022,72800.00,"73,700",73900,"68,900",1.55M,-1.62%
7/5/2022,74000.00,"74,900",74900,"73,600",1.06M,-0.13%
7/4/2022,74100.00,"74,900",75200,"73,900",746.20K,0.14%
7/1/2022,74000.00,"74,500",75000,"72,900",1.38M,-1.07%
6/30/2022,74800.00,"75,500",76000,"74,800",678.40K,-0.93%
6/29/2022,75500.00,"75,800",75900,"75,300",847.50K,-1.05%
6/28/2022,76300.00,"75,000",77000,"74,800",1.10M,1.87%
6/27/2022,74900.00,"75,500",76000,"74,800",862.50K,-0.13%
6/24/2022,75000.00,"76,200",76300,"74,600",648.60K,-1.19%
6/23/2022,75900.00,"75,100",76700,"74,900",590.20K,-0.13%
6/22/2022,76000.00,"77,900",78000,"75,000",1.07M,-2.19%
6/21/2022,77700.00,"76,000",77700,"75,200",937.10K,2.24%
6/20/2022,76000.00,"79,500",79500,"75,300",1.09M,-0.13%
6/17/2022,76100.00,"77,000",78300,"76,100",1.05M,-3.79%
6/16/2022,79100.00,"76,700",80000,"76,500",1.21M,3.40%
6/15/2022,76500.00,"77,400",78300,"75,300",1.24M,-0.65%
6/14/2022,77000.00,"75,500",78100,"74,000",1.07M,0.79%
6/13/2022,76400.00,"77,000",77000,"74,100",1.11M,-1.67%
6/10/2022,77700.00,"77,800",79000,"77,400",390.90K,-0.13%
6/9/2022,77800.00,"79,000",79900,"77,700",1.07M,-1.77%
6/8/2022,79200.00,"81,000",81000,"78,800",1.16M,-2.22%
6/7/2022,81000.00,"79,000",82000,"78,100",933.00K,1.63%
6/6/2022,79700.00,"77,500",80000,"75,100",880.50K,2.84%
6/3/2022,77500.00,"78,400",79500,"76,400",527.80K,-1.90%
6/2/2022,79000.00,"80,800",80800,"79,000",641.40K,-1.86%
6/1/2022,80500.00,"79,000",80500,"79,000",798.80K,2.03%
5/31/2022,78900.00,"78,900",78900,"78,000",483.70K,1.15%
5/30/2022,78000.00,"77,400",81000,"76,400",1.33M,0.78%
5/27/2022,77400.00,"76,700",77400,"76,300",892.00K,0.91%
5/26/2022,76700.00,"77,000",77100,"76,000",978.90K,-0.39%
5/25/2022,77000.00,"76,000",77000,"74,800",817.00K,1.85%
5/24/2022,75600.00,"74,900",75700,"74,300",898.70K,1.61%
5/23/2022,74400.00,"75,600",75600,"73,600",631.60K,-1.20%
5/20/2022,75300.00,"75,100",76500,"75,000",661.80K,-0.92%
5/19/2022,76000.00,"75,000",76700,"74,800",575.80K,0.80%
5/18/2022,75400.00,"77,000",77000,"75,000",881.00K,-0.79%
5/17/2022,76000.00,"74,200",77000,"73,100",2.26M,2.43%
5/16/2022,74200.00,"75,500",76400,"74,000",1.56M,1.64%
5/13/2022,73000.00,"77,000",78000,"73,000",1.96M,-5.19%
5/12/2022,77000.00,"79,000",79900,"77,000",972.30K,-3.75%
5/11/2022,80000.00,"80,000",80300,"79,000",931.30K,0.00%
5/10/2022,80000.00,"77,100",80000,"77,100",926.00K,2.70%
5/9/2022,77900.00,"78,800",80400,"77,800",1.67M,-1.89%
5/6/2022,79400.00,"79,700",81200,"79,400",775.90K,-1.98%
5/5/2022,81000.00,"80,500",81500,"79,600",1.02M,1.38%
5/4/2022,79900.00,"80,900",81000,"79,000",892.60K,-1.24%
4/29/2022,80900.00,"81,400",82300,"80,000",1.26M,-0.74%
4/28/2022,81500.00,"81,500",81600,"79,500",564.10K,0.00%
4/27/2022,81500.00,"79,900",82000,"78,200",1.43M,1.24%
4/26/2022,80500.00,"79,000",80500,"79,000",1.91M,-1.59%
4/25/2022,81800.00,"82,200",83000,"77,000",2.48M,-0.49%
4/22/2022,82200.00,"79,100",82600,"79,100",2.78M,4.85%
4/21/2022,78400.00,"78,400",79200,"78,200",2.18M,0.00%
4/20/2022,78400.00,"78,000",78900,"77,700",904.60K,0.90%
4/19/2022,77700.00,"77,800",78500,"77,600",1.00M,0.00%
4/18/2022,77700.00,"80,000",80200,"77,600",1.24M,-3.12%
4/15/2022,80200.00,"81,200",81500,"80,200",894.80K,-0.99%
4/14/2022,81000.00,"82,400",82900,"81,000",1.15M,-1.70%
4/13/2022,82400.00,"83,000",83100,"82,000",850.70K,0.00%
4/12/2022,82400.00,"83,000",83200,"81,600",841.30K,-0.72%
4/8/2022,83000.00,"83,900",83900,"82,900",788.20K,0.00%
4/7/2022,83000.00,"84,900",85200,"83,000",928.00K,-1.89%
4/6/2022,84600.00,"82,900",85000,"81,700",2.01M,1.93%
4/5/2022,83000.00,"82,800",83200,"82,600",526.10K,0.48%
4/4/2022,82600.00,"83,200",84100,"82,600",712.00K,-0.24%
4/1/2022,82800.00,"82,100",83600,"81,100",900.30K,0.85%
3/31/2022,82100.00,"82,000",82600,"82,000",492.40K,0.12%
3/30/2022,82000.00,"81,800",83500,"81,500",913.90K,0.12%
3/29/2022,81900.00,"82,400",83000,"81,600",1.02M,-0.61%
3/28/2022,82400.00,"83,000",83000,"82,000",725.40K,-0.12%
3/25/2022,82500.00,"84,000",84000,"82,000",1.14M,-1.20%
3/24/2022,83500.00,"84,900",84900,"83,500",570.20K,-1.65%
3/23/2022,84900.00,"84,900",85600,"84,900",966.60K,0.00%
3/22/2022,84900.00,"84,900",85500,"84,900",775.10K,0.00%
3/21/2022,84900.00,"84,200",85500,"84,000",933.90K,0.83%
3/18/2022,84200.00,"83,100",85200,"82,900",1.41M,1.45%
3/17/2022,83000.00,"83,000",83500,"82,700",1.22M,0.61%
3/16/2022,82500.00,"81,300",83200,"81,300",1.00M,1.73%
3/15/2022,81100.00,"84,000",84100,"81,000",2.39M,-3.68%
3/14/2022,84200.00,"83,300",84200,"83,200",1.44M,0.48%
3/11/2022,83800.00,"83,700",83900,"83,000",876.10K,0.36%
3/10/2022,83500.00,"83,000",83700,"82,900",1.15M,0.60%
3/9/2022,83000.00,"81,800",83100,"81,700",1.33M,1.84%
3/8/2022,81500.00,"83,800",84500,"81,500",2.94M,-4.00%
3/7/2022,84900.00,"84,300",84900,"83,900",1.00M,0.00%
3/4/2022,84900.00,"85,200",85500,"84,800",1.06M,-0.70%
3/3/2022,85500.00,"85,000",85500,"84,700",1.05M,0.59%
3/2/2022,85000.00,"85,600",85600,"84,200",1.66M,0.00%
3/1/2022,85000.00,"84,500",85400,"84,100",1.30M,0.59%
2/28/2022,84500.00,"85,100",85100,"84,400",1.32M,-0.71%
2/25/2022,85100.00,"85,300",85900,"85,000",1.62M,-0.23%
2/24/2022,85300.00,"86,700",86800,"85,000",2.08M,-1.84%
2/23/2022,86900.00,"87,000",87000,"85,800",986.30K,0.12%
2/22/2022,86800.00,"87,000",87000,"85,000",1.54M,-0.69%
2/21/2022,87400.00,"86,600",87600,"86,600",1.02M,0.23%
2/18/2022,87200.00,"86,400",87500,"86,400",1.07M,-0.34%
2/17/2022,87500.00,"87,000",87700,"86,800",1.43M,0.57%
2/16/2022,87000.00,"87,500",87900,"86,400",1.29M,0.00%
2/15/2022,87000.00,"86,000",88300,"83,800",2.45M,1.16%
2/14/2022,86000.00,"88,100",88800,"86,000",3.63M,-4.44%
2/11/2022,90000.00,"91,300",91600,"90,000",1.16M,-1.42%
2/10/2022,91300.00,"91,100",93400,"91,000",1.83M,0.55%
2/9/2022,90800.00,"91,200",91900,"90,300",1.58M,-1.30%
2/8/2022,92000.00,"92,400",92400,"90,100",1.15M,-0.43%
2/7/2022,92400.00,"90,600",92900,"89,500",1.62M,3.82%
1/28/2022,89000.00,"91,000",92000,"89,000",2.06M,-2.20%
1/27/2022,91000.00,"93,000",94500,"90,400",1.73M,-3.70%
1/26/2022,94500.00,"95,800",95800,"92,600",2.52M,-1.36%
1/25/2022,95800.00,"92,500",96000,"89,000",2.40M,3.01%
1/24/2022,93000.00,"89,400",93500,"88,200",2.73M,4.26%
1/21/2022,89200.00,"86,900",90000,"86,100",2.50M,2.41%
1/20/2022,87100.00,"85,200",87500,"83,100",2.79M,0.35%
1/19/2022,86800.00,"87,500",87500,"85,000",914.80K,-0.91%
1/18/2022,87600.00,"85,500",87600,"84,000",1.70M,1.62%
1/17/2022,86200.00,"83,000",88000,"82,300",2.63M,3.36%
1/14/2022,83400.00,"81,900",83400,"81,000",1.52M,1.83%
1/13/2022,81900.00,"80,500",84400,"80,200",2.53M,2.38%
1/12/2022,80000.00,"79,400",80000,"78,000",1.80M,0.76%
1/11/2022,79400.00,"80,000",80000,"78,500",952.70K,-0.13%
1/10/2022,79500.00,"79,700",79900,"78,500",1.10M,-0.38%
1/7/2022,79800.00,"79,600",79900,"78,200",966.20K,0.88%
1/6/2022,79100.00,"78,600",79900,"77,900",1.22M,1.41%
1/5/2022,78000.00,"79,000",80400,"78,000",1.60M,-1.27%
1/4/2022,79000.00,"79,000",79400,"78,000",1.13M,0.25%
12/31/2021,78800.00,"79,000",79200,"78,400",422.00K,0.51%
12/30/2021,78400.00,"79,800",79900,"77,700",920.30K,-1.38%
12/29/2021,79500.00,"79,500",79800,"79,100",440.00K,-0.63%
12/28/2021,80000.00,"80,000",81000,"78,000",1.17M,0.25%
12/27/2021,79800.00,"78,900",80300,"77,900",934.10K,1.66%
12/24/2021,78500.00,"76,800",78500,"76,800",849.40K,2.61%
12/23/2021,76500.00,"77,500",78900,"76,500",1.49M,-0.52%
12/22/2021,76900.00,"77,000",77800,"76,600",1.92M,0.43%
12/21/2021,76567.00,"76,645",77264,"76,258",987.75K,-0.60%
12/20/2021,77032.00,"76,258",77032,"75,948",940.28K,3.11%
12/17/2021,74709.00,"77,419",77419,"74,709",4.43M,-2.62%
12/16/2021,76722.00,"78,038",78038,"75,948",1.34M,-0.80%
12/15/2021,77342.00,"77,032",77961,"76,645",934.42K,0.60%
12/14/2021,76877.00,"77,109",77806,"76,722",1.10M,-0.30%
12/13/2021,77109.00,"78,967",78967,"76,800",1.32M,-0.40%
12/10/2021,77419.00,"78,193",79587,"77,342",2.40M,0.81%
12/9/2021,76800.00,"75,406",76955,"75,329",1.03M,0.51%
12/8/2021,76413.00,"75,871",76955,"75,871",647.57K,0.51%
12/7/2021,76025.00,"74,400",76955,"74,400",1.05M,2.93%
12/6/2021,73858.00,"75,871",77419,"73,858",1.29M,-2.65%
12/3/2021,75871.00,"76,800",78038,"75,484",1.02M,-1.11%
12/2/2021,76722.00,"77,651",78038,"76,490",1.01M,0.10%
12/1/2021,76645.00,"76,955",78580,"76,103",703.71K,0.10%
11/30/2021,76567.00,"80,516",80516,"76,567",1.71M,-2.18%
11/29/2021,78271.00,"79,974",81213,"78,193",1.09M,-3.71%
11/26/2021,81290.00,"82,606",83767,"80,516",1.12M,-1.96%
11/25/2021,82916.00,"81,290",83613,"80,980",1.88M,2.20%
11/24/2021,81135.00,"76,800",81755,"76,800",2.40M,5.75%
11/23/2021,76722.00,"76,645",76722,"76,025",700.78K,0.30%
11/22/2021,76490.00,"75,329",76567,"75,174",1.30M,1.75%
11/19/2021,75174.00,"75,251",75793,"75,174",526.99K,0.10%
11/18/2021,75096.00,"76,103",76103,"75,096",905.58K,-1.02%
11/17/2021,75871.00,"75,251",75948,"75,251",1.01M,0.82%
11/16/2021,75251.00,"75,638",76258,"75,096",901.24K,-0.51%
11/15/2021,75638.00,"76,103",76645,"75,251",978.31K,-0.51%
11/12/2021,76025.00,"76,103",76103,"75,484",784.49K,-0.10%
11/11/2021,76103.00,"75,716",76877,"75,096",1.42M,0.72%
11/10/2021,75561.00,"75,174",76025,"74,942",1.09M,0.51%
11/9/2021,75174.00,"75,871",76335,"75,096",1.76M,-1.12%
11/8/2021,76025.00,"75,948",76180,"75,484",1.51M,0.72%
11/5/2021,75484.00,"75,484",76645,"75,096",1.44M,-0.91%
11/4/2021,76180.00,"76,413",76490,"75,251",1.26M,-0.30%
11/3/2021,76413.00,"75,638",76490,"75,329",2.34M,0.82%
11/2/2021,75793.00,"75,406",75871,"75,329",1.03M,0.93%
11/1/2021,75096.00,"75,948",76025,"75,096",1.35M,-1.02%
10/29/2021,75871.00,"75,329",76180,"75,019",1.61M,0.10%
10/28/2021,75793.00,"74,787",75793,"74,400",2.26M,1.87%
10/27/2021,74400.00,"73,238",74709,"73,006",1.82M,2.23%
10/26/2021,72774.00,"72,851",73238,"72,464",806.43K,-0.11%
10/25/2021,72851.00,"74,245",74245,"72,851",1.02M,-0.21%
10/22/2021,73006.00,"73,548",73548,"72,774",306.24K,0.32%
10/21/2021,72774.00,"73,858",74322,"72,774",1.56M,-1.05%
10/20/2021,73548.00,"74,632",74864,"72,774",1.99M,-1.45%
10/19/2021,74632.00,"74,400",74709,"73,703",1.07M,0.42%
10/18/2021,74322.00,"74,555",75096,"73,548",1.59M,-0.52%
10/15/2021,74709.00,"74,942",75329,"74,709",933.39K,-0.21%
10/14/2021,74864.00,"75,096",75251,"74,245",2.28M,-0.31%
10/13/2021,75096.00,"75,793",75871,"75,096",1.82M,0.00%
10/12/2021,75096.00,"76,103",76103,"75,096",971.16K,-0.51%
10/11/2021,75484.00,"75,096",76180,"74,942",1.40M,0.52%
10/8/2021,75096.00,"74,787",75096,"74,013",889.37K,0.21%
10/7/2021,74942.00,"74,013",74942,"73,548",1.02M,1.26%
10/6/2021,74013.00,"74,013",74013,"73,393",881.97K,0.00%
10/5/2021,74013.00,"73,626",74400,"73,626",1.24M,1.06%
10/4/2021,73238.00,"74,322",74709,"73,084",1.17M,-1.36%
10/1/2021,74245.00,"75,329",76025,"74,167",2.06M,-1.34%
9/30/2021,75251.00,"76,258",76335,"75,174",1.53M,-1.32%
9/29/2021,76258.00,"77,032",77032,"75,484",720.94K,-0.71%
9/28/2021,76800.00,"75,716",76877,"75,484",618.22K,1.22%
9/27/2021,75871.00,"77,032",77187,"75,871",593.98K,-1.51%
9/24/2021,77032.00,"77,032",77264,"76,877",580.20K,0.00%
9/23/2021,77032.00,"77,109",77729,"76,258",862.58K,0.00%
9/22/2021,77032.00,"76,180",77032,"75,871",462.93K,1.53%
9/21/2021,75871.00,"77,032",77264,"75,871",1.10M,-1.61%
9/20/2021,77109.00,"75,329",78193,"75,329",1.63M,2.47%
9/17/2021,75251.00,"75,484",76180,"75,251",1.28M,-0.92%
9/16/2021,75948.00,"76,567",76567,"75,484",727.83K,1.03%
9/15/2021,75174.00,"76,103",76103,"75,174",1.02M,-1.22%
9/14/2021,76103.00,"75,948",76258,"75,096",1.57M,0.20%
9/13/2021,75948.00,"76,490",76645,"75,948",1.33M,-1.11%
9/10/2021,76800.00,"77,264",77264,"76,335",1.09M,-0.10%
9/9/2021,76877.00,"77,187",77496,"76,335",1.04M,-0.40%
9/8/2021,77187.00,"77,419",77496,"74,942",1.10M,-0.30%
9/7/2021,77419.00,"77,342",78038,"77,264",1.33M,0.00%
9/6/2021,77419.00,"76,955",77496,"76,955",1.15M,0.60%
9/1/2021,76955.00,"76,955",77342,"74,322",1.16M,0.00%
8/31/2021,76955.00,"77,032",77342,"76,103",953.81K,0.10%
8/30/2021,76877.00,"76,180",76955,"75,716",1.56M,1.53%
8/27/2021,75716.00,"74,322",76258,"74,322",1.41M,1.03%
8/26/2021,74942.00,"75,716",76645,"74,942",1.37M,-0.72%
8/25/2021,75484.00,"75,096",76645,"74,942",1.36M,0.52%
8/24/2021,75096.00,"76,800",76800,"74,709",1.36M,-0.31%
8/23/2021,75329.00,"76,645",77419,"74,787",2.73M,-2.80%
8/20/2021,77496.00,"78,348",78890,"76,955",2.29M,-2.63%
8/19/2021,79587.00,"77,961",79742,"77,264",3.29M,1.78%
8/18/2021,78193.00,"78,193",79355,"77,187",2.36M,0.00%
8/17/2021,78193.00,"79,355",79742,"78,193",2.15M,0.40%
8/16/2021,77884.00,"77,109",77884,"76,645",2.54M,1.01%
8/13/2021,77109.00,"77,342",77342,"76,103",1.70M,-0.30%
8/12/2021,77342.00,"77,806",78038,"77,032",1.26M,-0.60%
8/11/2021,77806.00,"76,877",78735,"76,722",2.18M,1.51%
8/10/2021,76645.00,"76,645",76800,"76,258",1.99M,0.71%
8/9/2021,76103.00,"75,948",76567,"75,638",1.57M,0.20%
8/6/2021,75948.00,"77,264",77264,"75,948",1.42M,-1.31%
8/5/2021,76955.00,"75,871",77032,"75,793",1.44M,0.91%
8/4/2021,76258.00,"76,800",76877,"75,948",1.48M,-0.30%
8/3/2021,76490.00,"75,174",76490,"75,096",1.62M,1.86%
8/2/2021,75096.00,"75,096",76413,"74,632",1.64M,-1.02%
7/30/2021,75871.00,"75,329",76490,"75,251",1.73M,0.10%
7/29/2021,75793.00,"75,406",75793,"75,096",1.52M,0.93%
7/28/2021,75096.00,"73,626",75096,"73,626",1.90M,2.10%
7/27/2021,73548.00,"75,484",75561,"73,548",3.39M,-1.04%
7/26/2021,74322.00,"74,709",75484,"74,090",1.61M,-1.03%
7/23/2021,75096.00,"76,877",77264,"75,096",2.17M,-3.29%
7/22/2021,77651.00,"76,567",77961,"75,871",1.86M,1.31%
7/21/2021,76645.00,"77,032",77806,"76,103",1.87M,-1.20%
7/20/2021,77574.00,"75,716",78193,"72,387",3.04M,3.30%
7/19/2021,75096.00,"77,419",77574,"74,245",3.24M,-5.37%
7/16/2021,79355.00,"79,355",80051,"78,193",1.87M,0.00%
7/15/2021,79355.00,"77,574",80903,"77,574",2.96M,0.69%
7/14/2021,78813.00,"80,051",80129,"77,419",2.87M,-1.55%
7/13/2021,80051.00,"82,761",82761,"79,045",2.38M,-3.46%
7/12/2021,82916.00,"84,774",84774,"79,819",3.17M,-2.46%
7/9/2021,85006.00,"85,161",86013,"82,684",3.75M,-1.08%
7/8/2021,85935.00,"86,090",87484,"84,387",1.77M,-2.12%
7/7/2021,87793.00,"86,709",87793,"82,064",3.42M,1.25%
7/6/2021,86709.00,"87,096",89032,"86,709",2.13M,-1.41%
7/5/2021,87948.00,"88,180",88180,"85,858",2.61M,-1.13%
7/2/2021,88954.00,"90,116",90271,"88,258",2.20M,-1.29%
7/1/2021,90116.00,"90,348",90425,"89,032",2.34M,0.00%
6/30/2021,90116.00,"88,258",90735,"88,258",3.53M,2.11%
6/29/2021,88258.00,"86,709",88258,"86,322",2.36M,1.24%
6/28/2021,87174.00,"87,174",87484,"86,013",1.95M,0.00%
6/25/2021,87174.00,"85,703",87329,"84,309",2.15M,1.72%
6/24/2021,85703.00,"85,161",85780,"83,458",1.46M,0.91%
6/23/2021,84929.00,"83,613",85935,"82,838",2.87M,1.95%
6/22/2021,83303.00,"82,916",84000,"82,451",1.89M,0.94%
6/21/2021,82529.00,"83,613",83767,"82,064",2.69M,-1.75%
6/18/2021,84000.00,"80,903",84387,"80,748",4.13M,4.13%
6/17/2021,80671.00,"80,516",81290,"78,967",1.99M,0.19%
6/16/2021,80516.00,"79,355",82064,"79,355",3.70M,1.17%
6/15/2021,79587.00,"79,045",79742,"78,193",1.81M,0.79%
6/14/2021,78967.00,"79,045",80051,"78,425",1.86M,-0.78%
6/11/2021,79587.00,"78,271",80129,"77,806",2.61M,0.98%
6/10/2021,78813.00,"78,967",79664,"77,419",2.89M,-0.20%
6/9/2021,78967.00,"77,419",78967,"76,800",3.05M,2.00%
6/8/2021,77419.00,"79,742",80516,"77,419",3.00M,-2.91%
6/7/2021,79742.00,"80,748",81213,"78,348",3.79M,-1.81%
6/4/2021,81213.00,"82,451",82451,"80,593",3.07M,-1.69%
6/3/2021,82606.00,"82,142",83613,"82,064",3.58M,0.66%
6/2/2021,82064.00,"80,516",83225,"80,284",5.45M,2.22%
6/1/2021,80284.00,"76,955",80671,"76,413",5.78M,5.17%
5/31/2021,76335.00,"78,193",78193,"76,103",3.34M,-1.00%
5/28/2021,77109.00,"76,645",78271,"75,561",2.80M,0.91%
5/27/2021,76413.00,"77,729",77729,"75,871",1.86M,-1.69%
5/26/2021,77729.00,"77,342",78813,"77,187",3.01M,0.60%
5/25/2021,77264.00,"75,406",77419,"75,406",4.87M,2.46%
5/24/2021,75406.00,"75,484",76258,"74,709",2.32M,0.62%
5/21/2021,74942.00,"74,555",75871,"74,322",1.86M,-2.22%
5/20/2021,76645.00,"72,851",76645,"72,851",2.43M,5.21%
5/19/2021,72851.00,"73,238",73238,"72,619",2.14M,-0.53%
5/18/2021,73238.00,"73,780",74322,"73,161",2.68M,-1.46%
5/17/2021,74322.00,"75,174",75329,"74,167",2.19M,-0.93%
5/14/2021,75019.00,"75,406",76103,"74,787",1.79M,0.10%
5/13/2021,74942.00,"75,251",75716,"74,942",2.17M,-0.51%
5/12/2021,75329.00,"75,793",75793,"75,096",1.55M,-0.61%
5/11/2021,75793.00,"76,025",76877,"75,484",1.49M,-0.20%
5/10/2021,75948.00,"74,864",76025,"74,245",2.14M,1.13%
5/7/2021,75096.00,"76,567",76645,"74,864",2.92M,-2.32%
5/6/2021,76877.00,"78,348",78735,"76,645",1.48M,-1.88%
5/5/2021,78348.00,"76,722",78967,"76,722",2.33M,2.12%
5/4/2021,76722.00,"76,645",77109,"75,871",1.91M,-0.90%
4/29/2021,77419.00,"76,645",77419,"75,871",2.06M,1.01%
4/28/2021,76645.00,"76,645",76877,"75,638",1.82M,0.00%
4/27/2021,76645.00,"76,335",77109,"75,638",1.52M,0.41%
4/26/2021,76335.00,"80,516",80516,"75,793",4.59M,-5.19%
4/23/2021,80516.00,"79,742",80516,"77,806",2.92M,0.97%
4/22/2021,79742.00,"79,742",81755,"79,122",3.80M,0.00%
4/20/2021,79742.00,"76,722",81290,"76,258",8.01M,4.57%
4/19/2021,76258.00,"75,096",76258,"74,167",1.77M,2.28%
4/16/2021,74555.00,"75,329",76258,"74,322",1.93M,-1.23%
4/15/2021,75484.00,"77,264",77264,"74,942",2.75M,-1.22%
4/14/2021,76413.00,"75,329",76413,"75,019",1.71M,1.23%
4/13/2021,75484.00,"77,419",77419,"75,484",2.13M,-1.41%
4/12/2021,76567.00,"76,258",76800,"75,406",3.41M,1.43%
4/9/2021,75484.00,"77,032",77032,"75,484",2.68M,-2.50%
4/8/2021,77419.00,"78,890",78890,"77,032",2.01M,-1.86%
4/7/2021,78890.00,"78,193",78967,"77,729",1.51M,0.00%
4/6/2021,78890.00,"78,967",79355,"77,806",2.86M,-0.10%
4/5/2021,78967.00,"77,419",79587,"76,335",4.58M,4.29%
4/2/2021,75716.00,"75,484",76258,"75,019",2.91M,0.93%
4/1/2021,75019.00,"73,703",75638,"73,703",3.44M,2.22%
3/31/2021,73393.00,"73,161",73626,"72,851",1.21M,0.00%
3/30/2021,73393.00,"73,780",73780,"72,851",2.23M,-0.52%
3/29/2021,73780.00,"73,703",74167,"72,387",1.53M,0.42%
3/26/2021,73471.00,"73,548",73935,"72,542",1.53M,-0.21%
3/25/2021,73626.00,"73,316",74322,"73,161",1.48M,0.42%
3/24/2021,73316.00,"73,548",74245,"72,851",1.82M,-1.15%
3/23/2021,74167.00,"75,019",75019,"73,858",1.20M,-1.24%
3/22/2021,75096.00,"74,322",75484,"73,858",2.43M,2.97%
3/19/2021,72929.00,"75,174",75174,"72,929",2.04M,-3.38%
3/18/2021,75484.00,"74,477",75484,"73,935",2.05M,1.99%
3/17/2021,74013.00,"73,935",74167,"73,548",1.58M,-0.10%
3/16/2021,74090.00,"74,322",74322,"73,626",836.80K,-0.62%
3/15/2021,74555.00,"74,322",75096,"73,935",1.84M,0.52%
3/12/2021,74167.00,"74,555",74709,"73,161",1.61M,-0.52%
3/11/2021,74555.00,"74,167",74942,"74,167",1.29M,0.84%
3/10/2021,73935.00,"73,548",74167,"72,774",1.36M,0.53%
3/9/2021,73548.00,"73,548",73548,"72,077",1.72M,-0.21%
3/8/2021,73703.00,"75,096",75096,"73,548",1.92M,-1.24%
3/5/2021,74632.00,"75,174",75251,"73,548",2.12M,-0.93%
3/4/2021,75329.00,"76,335",77032,"72,077",1.43M,-1.12%
3/3/2021,76180.00,"76,103",76955,"76,025",1.17M,-0.91%
3/2/2021,76877.00,"77,419",78813,"75,871",1.52M,0.10%
3/1/2021,76800.00,"76,025",76877,"76,025",1.16M,1.02%
2/26/2021,76025.00,"75,329",76645,"75,096",1.37M,0.00%
2/25/2021,76025.00,"76,645",77032,"75,561",1.14M,0.10%
2/24/2021,75948.00,"77,806",78193,"74,709",1.61M,-1.90%
2/23/2021,77419.00,"77,419",78193,"76,800",1.84M,-0.60%
2/22/2021,77884.00,"77,806",78967,"77,651",1.77M,-0.69%
2/19/2021,78425.00,"76,800",78735,"76,722",2.36M,-0.69%
2/18/2021,78967.00,"76,645",78967,"75,871",2.16M,2.00%
2/17/2021,77419.00,"75,484",77419,"75,484",1.35M,2.88%
2/9/2021,75251.00,"75,096",75406,"72,077",3.80M,3.29%
2/8/2021,72851.00,"76,645",77264,"72,077",3.70M,-5.90%
2/5/2021,77419.00,"76,567",77419,"75,793",1.15M,1.11%
2/4/2021,76567.00,"76,567",76645,"72,696",1.23M,0.00%
2/3/2021,76567.00,"75,793",76645,"74,787",1.86M,2.49%
2/2/2021,74709.00,"71,226",74864,"71,226",1.36M,5.93%
2/1/2021,70529.00,"74,322",74322,"70,451",1.67M,-2.04%
1/29/2021,72000.00,"66,193",75019,"66,193",1.73M,2.65%
1/28/2021,70142.00,"71,226",72232,"70,142",1.54M,-6.98%
1/27/2021,75406.00,"76,722",77419,"72,696",2.00M,-3.47%
1/26/2021,78116.00,"79,355",79355,"76,645",1.24M,-1.56%
1/25/2021,79355.00,"78,271",79742,"78,271",926.25K,-0.49%
1/22/2021,79742.00,"79,742",80516,"78,967",1.62M,0.00%
1/21/2021,79742.00,"76,722",79742,"75,871",1.64M,3.94%
1/20/2021,76722.00,"76,645",81987,"75,871",2.67M,0.10%
1/19/2021,76645.00,"79,819",79974,"74,400",1.44M,-4.16%
1/18/2021,79974.00,"80,129",81290,"79,742",1.35M,0.10%
1/15/2021,79896.00,"81,135",81213,"79,355",1.40M,-0.67%
1/14/2021,80438.00,"81,290",81445,"79,974",1.06M,-0.86%
1/13/2021,81135.00,"81,755",82142,"80,516",1.36M,-0.76%
1/12/2021,81755.00,"81,755",81755,"80,671",810.13K,1.05%
1/11/2021,80903.00,"80,980",81832,"80,593",1.08M,-0.29%
1/8/2021,81135.00,"83,613",83613,"80,903",1.23M,-2.06%
1/7/2021,82838.00,"80,516",84000,"80,516",1.13M,1.90%
1/6/2021,81290.00,"77,032",82219,"76,877",2.65M,5.74%
1/5/2021,76877.00,"76,645",77884,"76,645",943.22K,0.30%
1/4/2021,76645.00,"75,871",77264,"75,329",1.09M,1.12%
12/31/2020,75793.00,"75,793",76645,"75,096",468.47K,0.00%
12/30/2020,75793.00,"76,800",77109,"75,484",650.13K,-1.31%
12/29/2020,76800.00,"75,871",77264,"75,716",888.75K,1.22%
12/28/2020,75871.00,"75,871",76025,"75,329",1.07M,0.41%
12/25/2020,75561.00,"75,096",75561,"74,864",401.89K,0.31%
12/24/2020,75329.00,"75,793",75793,"74,322",1.04M,-0.21%
12/23/2020,75484.00,"75,484",76258,"75,019",850.31K,-0.41%
12/22/2020,75793.00,"75,871",75948,"75,484",955.52K,-1.01%
12/21/2020,76567.00,"76,567",76645,"75,329",889.41K,0.82%
12/18/2020,75948.00,"73,721",75948,"73,721",1.34M,3.02%
12/17/2020,73721.00,"75,718",75718,"72,953",2.94M,-3.90%
12/16/2020,76716.00,"75,641",76716,"75,103",945.13K,2.15%
12/15/2020,75103.00,"76,025",76639,"74,105",1.83M,-2.10%
12/14/2020,76716.00,"74,643",76716,"73,644",1.19M,2.78%
12/11/2020,74643.00,"74,643",74719,"73,644",990.42K,0.00%
12/10/2020,74643.00,"74,105",75027,"74,028",1.66M,0.73%
12/9/2020,74105.00,"71,878",74105,"71,571",1.53M,3.65%
12/8/2020,71494.00,"71,417",72108,"70,265",896.80K,0.00%
12/7/2020,71494.00,"70,189",71648,"70,189",1.21M,2.20%
12/4/2020,69958.00,"71,571",71801,"69,958",1.10M,-2.57%
12/3/2020,71801.00,"71,801",72108,"70,957",940.11K,0.00%
12/2/2020,71801.00,"70,649",71801,"70,265",952.80K,1.63%
12/1/2020,70649.00,"69,651",71571,"69,651",1.48M,-1.08%
11/30/2020,71417.00,"71,955",72185,"70,265",1.85M,-1.59%
11/27/2020,72569.00,"72,185",72569,"71,571",1.54M,0.53%
11/26/2020,72185.00,"71,801",72185,"71,110",891.09K,0.53%
11/25/2020,71801.00,"71,033",72339,"70,880",1.39M,1.19%
11/24/2020,70957.00,"70,649",70957,"69,728",1.27M,0.87%
11/23/2020,70342.00,"70,726",70957,"69,881",827.91K,-0.97%
11/20/2020,71033.00,"69,881",71033,"69,190",1.57M,2.55%
11/19/2020,69267.00,"67,347",69267,"67,117",3.30M,2.97%
11/18/2020,67270.00,"67,270",67347,"66,810",1.16M,0.00%
11/17/2020,67270.00,"65,888",67270,"65,658",699.57K,2.10%
11/16/2020,65888.00,"66,963",67424,"65,274",1.60M,-1.27%
11/13/2020,66733.00,"66,503",66733,"66,195",533.16K,0.58%
11/12/2020,66349.00,"65,811",66426,"65,735",517.23K,1.77%
11/11/2020,65197.00,"65,658",66503,"65,197",1.32M,-0.24%
11/10/2020,65351.00,"66,119",67040,"65,351",1.93M,-0.47%
11/9/2020,65658.00,"65,274",65888,"65,120",1.28M,0.59%
11/6/2020,65274.00,"65,351",65351,"64,506",412.35K,0.00%
11/5/2020,65274.00,"65,658",65658,"65,120",648.16K,0.00%
11/4/2020,65274.00,"65,274",65658,"64,736",503.59K,0.00%
11/3/2020,65274.00,"65,888",65965,"65,043",393.71K,-0.93%
11/2/2020,65888.00,"63,738",65888,"63,738",467.40K,3.37%
10/30/2020,63738.00,"64,199",64813,"63,584",1.39M,-0.72%
10/29/2020,64199.00,"64,813",65120,"64,122",975.78K,-0.71%
10/28/2020,64660.00,"66,042",66426,"64,122",1.11M,-2.09%
10/27/2020,66042.00,"66,042",67040,"65,658",1.49M,0.00%
10/26/2020,66042.00,"67,194",67424,"66,042",1.16M,-1.71%
10/23/2020,67194.00,"66,733",67194,"66,579",839.39K,1.04%
10/22/2020,66503.00,"66,119",66503,"65,351",1.69M,0.47%
10/21/2020,66195.00,"67,424",68038,"65,965",1.85M,-1.71%
10/20/2020,67347.00,"66,810",67424,"66,733",1.37M,0.23%
10/19/2020,67194.00,"67,578",67808,"67,194",1.34M,-0.79%
10/16/2020,67731.00,"67,962",68038,"67,194",853.45K,-0.45%
10/15/2020,68038.00,"67,731",68038,"66,656",1.82M,0.45%
10/14/2020,67731.00,"66,656",68346,"66,579",1.54M,1.96%
10/13/2020,66426.00,"66,042",66733,"65,658",1.04M,0.70%
10/12/2020,65965.00,"66,042",66810,"65,120",2.01M,1.30%
10/9/2020,65120.00,"64,890",65274,"64,890",467.27K,0.00%
10/8/2020,65120.00,"65,658",65658,"64,352",700.70K,-0.24%
10/7/2020,65274.00,"64,199",65427,"63,815",1.26M,1.31%
10/6/2020,64429.00,"64,352",64813,"63,892",1.41M,0.48%
10/5/2020,64122.00,"64,890",65274,"64,045",1.04M,-0.60%
10/2/2020,64506.00,"65,120",65274,"61,434",1.14M,-0.94%
10/1/2020,65120.00,"65,351",65351,"64,660",468.33K,0.83%
9/30/2020,64583.00,"65,274",65274,"64,352",745.76K,-0.59%
9/29/2020,64967.00,"66,042",66119,"64,352",2.05M,-1.63%
9/28/2020,66042.00,"65,888",66195,"65,581",1.60M,0.00%
9/25/2020,66042.00,"66,119",66195,"65,658",1.41M,-0.12%
9/24/2020,66119.00,"64,583",66195,"64,583",2.08M,0.82%
9/23/2020,65581.00,"64,660",65658,"64,660",1.78M,1.67%
9/22/2020,64506.00,"63,738",64813,"63,584",2.23M,1.20%
9/21/2020,63738.00,"63,815",64199,"63,738",2.13M,0.12%
9/18/2020,63661.00,"63,277",63738,"63,277",1.52M,0.48%
9/17/2020,63354.00,"63,354",63738,"62,970",1.33M,-0.48%
9/16/2020,63661.00,"63,431",63815,"62,970",801.37K,0.48%
9/15/2020,63354.00,"63,738",64122,"63,354",1.27M,-0.60%
9/14/2020,63738.00,"63,584",63815,"63,508",758.81K,0.85%
9/11/2020,63200.00,"63,047",63431,"62,817",849.42K,0.24%
9/10/2020,63047.00,"63,738",63968,"63,047",880.06K,-0.12%
9/9/2020,63124.00,"62,970",63892,"62,586",1.88M,-0.36%
9/8/2020,63354.00,"64,199",64429,"63,200",2.53M,-1.32%
9/7/2020,64199.00,"65,043",65351,"64,199",1.51M,-1.53%
9/4/2020,65197.00,"65,274",66119,"65,120",3.09M,-1.51%
9/3/2020,66195.00,"64,276",66426,"64,276",3.19M,3.85%
9/1/2020,63738.00,"63,738",63968,"63,661",2.07M,0.00%
8/31/2020,63738.00,"64,506",64890,"63,584",1.24M,-0.48%
8/28/2020,64045.00,"64,199",64429,"63,968",2.10M,-0.12%
8/27/2020,64122.00,"64,122",64429,"63,892",1.28M,0.00%
8/26/2020,64122.00,"64,429",64429,"64,045",2.02M,-0.48%
8/25/2020,64429.00,"64,429",65197,"64,429",2.23M,0.00%
8/24/2020,64429.00,"63,738",64967,"63,738",1.95M,1.21%
8/21/2020,63661.00,"63,738",63892,"63,431",1.64M,-0.12%
8/20/2020,63738.00,"63,738",64890,"63,738",1.40M,0.00%
8/19/2020,63738.00,"63,200",63738,"62,970",748.74K,0.85%
8/18/2020,63200.00,"63,200",63431,"62,740",423.24K,0.00%
8/17/2020,63200.00,"62,970",63661,"62,740",496.98K,0.37%
8/14/2020,62970.00,"63,738",63815,"62,893",1.05M,-1.20%
8/13/2020,63738.00,"63,661",63738,"62,970",491.67K,1.10%
8/12/2020,63047.00,"63,047",63200,"62,893",396.11K,0.00%
8/11/2020,63047.00,"63,354",63431,"62,817",399.29K,0.24%
8/10/2020,62893.00,"63,738",63892,"62,893",735.70K,-1.21%
8/7/2020,63661.00,"63,738",63738,"63,277",661.81K,0.12%
8/6/2020,63584.00,"63,431",63815,"62,893",1.02M,0.12%
8/5/2020,63508.00,"62,893",63738,"61,741",993.80K,0.98%
8/4/2020,62893.00,"61,434",62893,"60,973",787.09K,3.93%
8/3/2020,60513.00,"58,363",60513,"58,363",539.52K,3.14%
7/31/2020,58670.00,"58,363",59438,"58,363",858.67K,-1.29%
7/30/2020,59438.00,"59,591",60282,"59,361",1.20M,-0.13%
7/29/2020,59514.00,"58,363",59898,"57,671",1.06M,-1.27%
7/28/2020,60282.00,"59,130",60513,"58,746",1.16M,1.95%
7/27/2020,59130.00,"58,363",61434,"58,363",1.63M,-4.94%
7/24/2020,62202.00,"63,047",63200,"60,282",1.71M,-1.82%
7/23/2020,63354.00,"63,354",63584,"63,047",1.72M,0.00%
7/22/2020,63354.00,"63,354",63354,"63,124",797.91K,0.00%
7/21/2020,63354.00,"63,354",63584,"62,740",869.90K,0.36%
7/20/2020,63124.00,"63,354",63508,"62,740",889.16K,-0.72%
7/17/2020,63584.00,"64,199",64199,"63,584",801.33K,-0.84%
7/16/2020,64122.00,"64,352",64429,"63,661",1.39M,0.00%
7/15/2020,64122.00,"63,892",64352,"63,892",1.53M,0.60%
7/14/2020,63738.00,"63,661",63738,"63,124",544.99K,0.12%
7/13/2020,63661.00,"64,045",64122,"63,277",474.20K,0.24%
7/10/2020,63508.00,"64,045",64199,"63,047",1.17M,-1.08%
7/9/2020,64199.00,"64,429",64429,"63,968",1.23M,0.72%
7/8/2020,63738.00,"63,892",64045,"63,584",619.10K,-0.48%
7/7/2020,64045.00,"64,506",64660,"63,968",1.71M,0.60%
7/6/2020,63661.00,"63,738",64045,"63,277",1.56M,-0.12%
7/3/2020,63738.00,"63,354",63968,"63,124",472.55K,0.48%
7/2/2020,63431.00,"63,892",63892,"62,202",598.50K,-0.12%
7/1/2020,63508.00,"61,665",63508,"61,434",516.07K,2.99%
6/30/2020,61665.00,"63,354",63354,"61,434",905.95K,-1.47%
6/29/2020,62586.00,"63,968",63968,"62,279",758.12K,-2.16%
6/26/2020,63968.00,"64,583",65043,"63,738",454.17K,-0.48%
6/25/2020,64276.00,"63,508",64813,"63,508",646.49K,-1.18%
6/24/2020,65043.00,"66,042",66042,"64,583",906.16K,-1.51%
6/23/2020,66042.00,"65,658",66810,"65,504",1.17M,0.58%
6/22/2020,65658.00,"65,274",65735,"65,274",1.67M,0.12%
6/19/2020,65581.00,"65,274",66042,"65,274",923.79K,0.47%
6/18/2020,65274.00,"64,506",66426,"64,429",2.31M,0.95%
6/17/2020,64660.00,"65,274",65427,"64,352",941.47K,0.60%
6/16/2020,64276.00,"64,506",64506,"63,277",1.02M,2.07%
6/15/2020,62970.00,"65,735",65888,"62,817",1.55M,-4.21%
6/12/2020,65735.00,"63,354",66426,"63,354",2.06M,-2.73%
6/11/2020,67578.00,"68,730",68806,"66,810",1.49M,-1.78%
6/10/2020,68806.00,"68,730",68960,"68,576",1.01M,0.11%
6/9/2020,68730.00,"69,037",69114,"68,653",532.97K,0.11%
6/8/2020,68653.00,"68,346",69267,"67,885",1.02M,0.45%
6/5/2020,68346.00,"68,422",68576,"66,810",1.03M,0.00%
6/4/2020,68346.00,"67,578",68346,"67,578",574.51K,1.25%
6/3/2020,67501.00,"66,810",67501,"66,733",590.47K,1.50%
6/2/2020,66503.00,"66,733",66733,"66,272",1.29M,0.12%
6/1/2020,66426.00,"65,658",66579,"65,658",925.50K,1.53%
5/29/2020,65427.00,"65,274",66042,"64,890",1.48M,0.83%
5/28/2020,64890.00,"63,738",65351,"63,738",2.36M,1.93%
5/27/2020,63661.00,"63,738",64813,"63,661",1.04M,0.48%
5/26/2020,63354.00,"62,202",63431,"62,202",945.43K,1.73%
5/25/2020,62279.00,"62,125",62433,"62,049",904.31K,0.12%
5/22/2020,62202.00,"62,356",62433,"61,434",1.03M,-0.25%
5/21/2020,62356.00,"61,434",62356,"61,127",1.82M,2.01%
5/20/2020,61127.00,"60,206",61204,"60,206",906.22K,0.76%
5/19/2020,60666.00,"61,357",61511,"60,513",1.44M,0.64%
5/18/2020,60282.00,"58,593",60666,"58,209",1.28M,3.29%
5/15/2020,58363.00,"58,670",58746,"58,055",2.04M,0.00%
5/14/2020,58363.00,"57,595",58670,"57,518",2.71M,0.53%
5/13/2020,58055.00,"58,055",58746,"55,291",2.36M,0.00%
5/12/2020,58055.00,"57,287",58363,"57,134",2.81M,1.48%
5/11/2020,57211.00,"56,443",57211,"55,675",2.16M,1.36%
5/8/2020,56443.00,"53,755",56980,"53,601",4.93M,5.45%
5/7/2020,53525.00,"52,066",53525,"51,989",2.47M,3.11%
5/6/2020,51912.00,"51,682",51989,"51,067",1.09M,1.20%
5/5/2020,51298.00,"51,682",51989,"51,298",1.29M,-0.89%
5/4/2020,51758.00,"52,219",52296,"51,298",1.09M,-0.88%
4/29/2020,52219.00,"51,451",52296,"51,451",1.94M,1.49%
4/28/2020,51451.00,"51,298",52603,"50,069",2.62M,0.30%
4/27/2020,51298.00,"53,678",53678,"51,298",3.25M,-3.05%
4/24/2020,52910.00,"53,141",53448,"51,835",1.24M,-0.43%
4/23/2020,53141.00,"54,523",54523,"52,833",1.53M,-0.14%
4/22/2020,53217.00,"52,987",54600,"52,987",2.06M,-3.08%
4/21/2020,54907.00,"54,523",54907,"52,066",2.76M,-0.56%
4/20/2020,55214.00,"55,060",55598,"54,369",1.31M,0.70%
4/17/2020,54830.00,"54,907",55137,"54,446",1.88M,0.28%
4/16/2020,54676.00,"53,755",54676,"53,601",1.35M,0.42%
4/15/2020,54446.00,"53,525",54753,"53,525",1.30M,1.43%
4/14/2020,53678.00,"54,139",54369,"52,066",2.48M,-1.27%
4/13/2020,54369.00,"54,216",55137,"53,755",1.34M,0.28%
4/10/2020,54216.00,"54,523",55214,"53,448",2.04M,-0.56%
4/9/2020,54523.00,"52,219",55291,"52,219",2.29M,5.19%
4/8/2020,51835.00,"51,451",52373,"51,298",2.27M,-1.03%
4/7/2020,52373.00,"52,219",52987,"51,298",2.26M,0.29%
4/6/2020,52219.00,"51,835",52449,"50,683",2.69M,3.82%
4/3/2020,50299.00,"49,915",50914,"49,147",2.20M,0.77%
4/1/2020,49915.00,"47,228",50606,"47,228",1.57M,4.84%
3/31/2020,47612.00,"47,228",49224,"46,076",1.22M,1.64%
3/30/2020,46844.00,"46,152",47151,"45,922",2.09M,-4.84%
3/27/2020,49224.00,"48,610",50606,"47,995",2.00M,1.42%
3/26/2020,48533.00,"47,612",49685,"47,228",1.89M,1.93%
3/25/2020,47612.00,"46,076",47612,"45,845",2.34M,6.90%
3/24/2020,44540.00,"43,925",44847,"43,465",1.91M,1.40%
3/23/2020,43925.00,"44,233",44924,"43,925",2.39M,-6.99%
3/20/2020,47228.00,"50,683",50914,"47,228",3.53M,-6.82%
3/19/2020,50683.00,"51,682",52757,"50,683",1.52M,-4.76%
3/18/2020,53217.00,"52,219",54293,"52,219",1.40M,2.67%
3/17/2020,51835.00,"48,840",51835,"48,840",1.74M,0.60%
3/16/2020,51528.00,"54,523",54523,"51,067",1.30M,-5.49%
3/13/2020,54523.00,"51,221",56059,"51,221",2.37M,-0.98%
3/12/2020,55060.00,"55,291",56059,"55,060",2.02M,-6.88%
3/11/2020,59130.00,"61,741",61741,"57,134",2.30M,-3.63%
3/10/2020,61357.00,"59,898",61357,"57,902",1.83M,1.65%
3/9/2020,60359.00,"60,666",62125,"60,359",1.54M,-6.98%
3/6/2020,64890.00,"63,738",65811,"62,970",1.13M,1.68%
3/5/2020,63815.00,"63,124",64199,"63,124",1.06M,1.71%
3/4/2020,62740.00,"62,970",62970,"62,202",742.03K,-0.61%
3/3/2020,63124.00,"64,122",64122,"63,124",1.08M,0.49%
3/2/2020,62817.00,"62,586",63124,"62,433",853.62K,-0.73%
2/28/2020,63277.00,"61,511",64045,"61,511",2.18M,-1.91%
2/27/2020,64506.00,"64,506",64967,"63,661",1.57M,-1.18%
2/26/2020,65274.00,"66,042",66042,"64,506",1.48M,-1.39%
2/25/2020,66195.00,"66,042",66810,"65,888",1.57M,-1.15%
2/24/2020,66963.00,"66,042",67578,"66,042",1.27M,-2.02%
2/21/2020,68346.00,"68,730",68730,"68,346",1.15M,-0.56%
2/20/2020,68730.00,"68,883",69421,"68,499",690.47K,0.00%
2/19/2020,68730.00,"68,346",68730,"68,346",336.88K,0.11%
2/18/2020,68653.00,"68,806",68806,"68,346",552.35K,0.00%
2/17/2020,68653.00,"68,576",69037,"68,422",438.82K,0.11%
2/14/2020,68576.00,"68,346",68960,"68,346",552.25K,0.00%
2/13/2020,68576.00,"68,499",68730,"68,192",808.05K,-0.11%
2/12/2020,68653.00,"68,960",68960,"68,422",778.04K,0.22%
2/11/2020,68499.00,"68,346",68730,"68,269",663.79K,0.34%
2/10/2020,68269.00,"68,499",68730,"67,962",774.61K,-1.22%
2/7/2020,69114.00,"68,960",69728,"68,346",1.49M,0.67%
2/6/2020,68653.00,"68,346",69805,"68,192",1.14M,0.56%
2/5/2020,68269.00,"69,267",69421,"68,192",933.15K,-1.00%
2/4/2020,68960.00,"68,346",68960,"67,347",1.43M,1.24%
2/3/2020,68115.00,"64,583",69267,"63,738",1.86M,0.00%
1/31/2020,68115.00,"67,578",68960,"67,347",1.62M,-0.23%
1/30/2020,68269.00,"70,726",70957,"66,810",4.52M,-4.82%
1/22/2020,71724.00,"72,185",72953,"71,494",1.12M,-0.64%
1/21/2020,72185.00,"72,108",72646,"71,878",956.48K,0.00%
1/20/2020,72185.00,"72,569",72800,"71,801",1.06M,-0.53%
1/17/2020,72569.00,"68,730",72569,"68,730",2.83M,5.59%
1/16/2020,68730.00,"68,576",69344,"68,269",1.49M,0.22%
1/15/2020,68576.00,"68,806",68806,"68,192",1.88M,-0.11%
1/14/2020,68653.00,"68,730",69114,"68,422",1.28M,0.00%
1/13/2020,68653.00,"68,346",68960,"68,346",1.33M,-0.11%
1/10/2020,68730.00,"68,115",69421,"67,501",1.95M,0.90%
1/9/2020,68115.00,"67,347",68269,"67,347",922.13K,1.95%
1/8/2020,66810.00,"66,733",67501,"66,195",921.63K,-0.91%
1/7/2020,67424.00,"66,810",67501,"65,581",1.29M,0.34%
1/6/2020,67194.00,"68,499",68730,"67,194",1.12M,-2.67%
1/3/2020,69037.00,"70,265",70496,"69,037",684.10K,-0.99%
1/2/2020,69728.00,"69,267",70189,"68,883",492.91K,0.67%
12/31/2019,69267.00,"69,574",69958,"69,190",294.46K,-0.88%
12/30/2019,69881.00,"69,497",70803,"69,114",842.34K,0.55%
12/27/2019,69497.00,"68,576",69497,"67,808",636.56K,1.23%
12/26/2019,68653.00,"69,497",69497,"68,346",515.64K,-0.56%
12/25/2019,69037.00,"69,114",69805,"68,346",294.60K,-0.11%
12/24/2019,69114.00,"69,728",69728,"68,269",647.70K,-0.99%
12/23/2019,69805.00,"68,269",69881,"68,269",1.20M,2.95%
12/20/2019,67808.00,"67,578",67962,"67,424",496.82K,0.34%
12/19/2019,67578.00,"66,579",67731,"66,042",1.30M,1.50%
12/18/2019,66579.00,"65,581",66579,"65,504",1.08M,1.64%
12/17/2019,65504.00,"66,349",66810,"65,504",339.74K,-0.81%
12/16/2019,66042.00,"67,885",67885,"65,274",849.24K,-2.71%
12/13/2019,67885.00,"67,654",67962,"67,194",952.92K,1.03%
12/12/2019,67194.00,"66,119",67578,"66,042",593.02K,1.86%
12/11/2019,65965.00,"66,042",66042,"65,427",529.64K,0.59%
12/10/2019,65581.00,"65,504",65965,"65,274",653.68K,0.24%
12/9/2019,65427.00,"65,197",65811,"64,813",511.34K,0.35%
12/6/2019,65197.00,"65,120",65427,"64,813",327.17K,0.12%
12/5/2019,65120.00,"65,274",65811,"64,967",482.95K,0.12%
12/4/2019,65043.00,"62,893",65120,"62,586",480.71K,3.29%
12/3/2019,62970.00,"63,738",64583,"62,970",810.73K,-1.80%
12/2/2019,64122.00,"65,504",65811,"63,738",559.91K,-2.11%
11/29/2019,65504.00,"65,735",65888,"65,274",405.77K,0.00%
11/28/2019,65504.00,"66,042",66272,"65,197",631.17K,-1.16%
11/27/2019,66272.00,"65,658",66810,"65,504",618.04K,1.89%
11/26/2019,65043.00,"64,890",65888,"64,890",927.82K,0.24%
11/25/2019,64890.00,"65,658",66042,"63,431",1.84M,-1.17%
11/22/2019,65658.00,"67,270",67962,"65,427",1.72M,-2.29%
11/21/2019,67194.00,"68,422",68883,"67,194",1.28M,-2.23%
11/20/2019,68730.00,"69,881",69881,"68,730",658.77K,-1.65%
11/19/2019,69881.00,"67,578",69881,"67,578",671.89K,3.88%
11/18/2019,67270.00,"68,730",69037,"67,194",893.90K,-2.34%
11/15/2019,68883.00,"69,114",69881,"68,653",721.28K,-1.32%
11/14/2019,69805.00,"69,497",70189,"69,267",478.91K,0.44%
11/13/2019,69497.00,"70,803",70803,"69,114",901.56K,-1.31%
11/12/2019,70419.00,"70,189",70726,"70,112",760.27K,0.44%
11/11/2019,70112.00,"70,496",70496,"69,881",540.76K,-0.22%
11/8/2019,70265.00,"70,112",70573,"69,728",531.47K,0.22%
11/7/2019,70112.00,"69,881",70573,"69,881",460.44K,0.33%
11/6/2019,69881.00,"69,728",70880,"69,651",859.04K,0.22%
11/5/2019,69728.00,"70,726",71033,"69,651",786.82K,-1.30%
11/4/2019,70649.00,"68,576",71033,"68,576",1.39M,3.60%
11/1/2019,68192.00,"67,347",68653,"67,194",1.37M,1.25%
10/31/2019,67347.00,"67,654",67962,"67,270",407.48K,-0.11%
10/30/2019,67424.00,"66,119",67731,"66,119",775.44K,1.62%
10/29/2019,66349.00,"67,117",67194,"66,272",896.54K,-1.14%
10/28/2019,67117.00,"67,578",67731,"67,117",489.79K,-0.68%
10/25/2019,67578.00,"66,733",67962,"66,503",1.07M,1.27%
10/24/2019,66733.00,"65,504",66810,"65,351",842.39K,1.88%
10/23/2019,65504.00,"65,658",65888,"64,967",686.64K,-0.12%
10/22/2019,65581.00,"64,660",65888,"64,660",603.66K,1.42%
10/21/2019,64660.00,"65,197",65197,"64,199",716.44K,-0.94%
10/18/2019,65274.00,"65,658",65888,"65,120",532.40K,-0.23%
10/17/2019,65427.00,"66,349",66349,"65,120",1.31M,-1.05%
10/16/2019,66119.00,"66,195",66272,"65,811",853.31K,1.06%
10/15/2019,65427.00,"65,274",65581,"65,043",827.36K,0.23%
10/14/2019,65274.00,"65,658",66042,"65,274",792.14K,-0.35%
10/11/2019,65504.00,"64,890",65581,"64,813",931.95K,0.83%
10/10/2019,64967.00,"65,197",65427,"64,890",961.68K,0.12%
10/9/2019,64890.00,"65,351",65811,"64,890",1.10M,-0.71%
10/8/2019,65351.00,"63,584",65504,"63,584",1.87M,2.78%
10/7/2019,63584.00,"64,506",64890,"63,584",1.45M,-0.24%
10/4/2019,63738.00,"62,970",64122,"62,817",1.43M,1.22%
10/3/2019,62970.00,"62,817",62970,"61,895",1.28M,0.00%
10/2/2019,62970.00,"64,045",64276,"62,740",1.56M,-1.68%
10/1/2019,64045.00,"63,047",64199,"62,817",1.01M,1.58%
9/30/2019,63047.00,"63,661",63968,"62,893",989.88K,-0.96%
9/27/2019,63661.00,"62,433",63815,"62,049",1.77M,2.35%
9/26/2019,62202.00,"61,972",62433,"61,665",1.33M,0.37%
9/25/2019,61972.00,"61,434",62125,"60,973",930.64K,0.12%
9/24/2019,61895.00,"61,050",62049,"60,590",1.01M,2.03%
9/23/2019,60666.00,"62,663",62893,"60,666",1.51M,-2.47%
9/20/2019,62202.00,"62,586",63584,"62,202",3.57M,-0.61%
9/19/2019,62586.00,"62,202",62740,"61,818",672.75K,1.12%
9/18/2019,61895.00,"62,279",63354,"61,818",1.03M,-0.62%
9/17/2019,62279.00,"61,972",62433,"61,818",1.14M,0.12%
9/16/2019,62202.00,"62,893",63508,"62,049",889.77K,-1.10%
9/13/2019,62893.00,"61,281",62970,"61,281",1.80M,3.02%
9/12/2019,61050.00,"60,282",61050,"60,282",1.02M,1.66%
9/11/2019,60052.00,"59,361",60282,"59,361",180.49K,0.64%
9/10/2019,59668.00,"59,284",60820,"59,207",831.89K,0.65%
9/9/2019,59284.00,"59,361",59438,"59,130",301.70K,-0.13%
9/6/2019,59361.00,"59,898",59898,"59,130",367.48K,-0.39%
9/5/2019,59591.00,"59,284",60513,"59,284",521.76K,0.39%
9/4/2019,59361.00,"59,514",59514,"59,054",673.43K,-0.64%
9/3/2019,59745.00,"59,745",59822,"58,900",741.14K,0.13%
8/30/2019,59668.00,"59,130",59668,"59,130",357.45K,1.17%
8/29/2019,58977.00,"59,054",59438,"58,746",538.78K,-0.26%
8/28/2019,59130.00,"58,977",59361,"58,977",751.32K,0.65%
8/27/2019,58746.00,"60,052",60513,"58,363",1.42M,-1.67%
8/26/2019,59745.00,"60,052",60359,"59,514",857.75K,-1.77%
8/23/2019,60820.00,"61,434",61588,"60,820",576.11K,-1.00%
8/22/2019,61434.00,"61,588",61741,"61,127",972.43K,0.00%
8/21/2019,61434.00,"59,054",61665,"58,900",2.46M,4.03%
8/20/2019,59054.00,"59,745",59745,"58,900",579.00K,0.13%
8/19/2019,58977.00,"59,822",60282,"58,900",883.94K,-1.41%
8/16/2019,59822.00,"59,745",60359,"59,745",703.31K,-1.39%
8/15/2019,60666.00,"57,287",60666,"57,287",651.18K,3.54%
8/14/2019,58593.00,"59,898",59898,"58,593",452.66K,0.00%
8/13/2019,58593.00,"59,284",59514,"58,286",1.03M,-1.80%
8/12/2019,59668.00,"60,282",60513,"59,284",606.10K,-1.02%
8/9/2019,60282.00,"60,436",60973,"60,206",814.89K,0.00%
8/8/2019,60282.00,"60,282",61281,"59,975",781.59K,0.13%
8/7/2019,60206.00,"58,593",60206,"58,593",724.55K,2.75%
8/6/2019,58593.00,"58,670",59054,"58,209",1.50M,-1.42%
8/5/2019,59438.00,"60,820",61204,"59,207",1.09M,-2.15%
8/2/2019,60743.00,"61,204",61818,"60,743",867.68K,-1.74%
8/1/2019,61818.00,"61,588",61818,"61,204",687.57K,0.37%
7/31/2019,61588.00,"61,434",61818,"61,127",654.36K,-0.50%
7/30/2019,61895.00,"62,970",63354,"61,895",1.45M,-0.49%
7/29/2019,62202.00,"60,282",62202,"60,129",1.26M,3.19%
7/26/2019,60282.00,"59,668",61204,"59,514",1.20M,1.03%
7/25/2019,59668.00,"59,054",59745,"58,900",583.59K,1.04%
7/24/2019,59054.00,"61,050",61050,"58,746",1.76M,-2.54%
7/23/2019,60590.00,"60,590",60897,"60,282",798.85K,-0.13%
7/22/2019,60666.00,"60,666",61050,"60,436",1.19M,0.00%
7/19/2019,60666.00,"58,670",61281,"58,670",1.68M,3.40%
7/18/2019,58670.00,"58,286",59284,"58,055",1.10M,0.26%
7/17/2019,58516.00,"58,746",59207,"58,209",1.02M,-1.30%
7/16/2019,59284.00,"57,979",59898,"57,902",2.43M,2.93%
7/15/2019,57595.00,"56,596",57595,"56,596",1.39M,1.77%
7/12/2019,56596.00,"56,827",57211,"56,519",1.18M,-0.41%
7/11/2019,56827.00,"55,752",57287,"55,752",1.64M,2.07%
7/10/2019,55675.00,"55,675",55828,"55,214",815.57K,0.83%
7/9/2019,55214.00,"54,907",55214,"54,216",853.07K,0.84%
7/8/2019,54753.00,"55,291",55521,"54,523",922.93K,-1.79%
7/5/2019,55752.00,"55,675",55752,"55,291",543.09K,0.14%
7/4/2019,55675.00,"53,755",55675,"53,525",1.44M,4.17%
7/3/2019,53448.00,"54,139",54523,"53,448",1.02M,-1.28%
7/2/2019,54139.00,"54,907",54907,"53,985",463.21K,-1.12%
7/1/2019,54753.00,"54,523",55214,"54,446",721.76K,1.13%
6/28/2019,54139.00,"53,448",55291,"52,526",1.06M,1.44%
6/27/2019,53371.00,"54,523",54523,"53,294",1.51M,-1.42%
6/26/2019,54139.00,"55,598",55675,"54,139",1.17M,-2.62%
6/25/2019,55598.00,"55,905",55905,"55,291",498.71K,-0.82%
6/24/2019,56059.00,"54,907",56673,"54,523",1.80M,2.82%
6/21/2019,54523.00,"54,907",55291,"54,523",2.28M,-0.70%
6/20/2019,54907.00,"53,525",54907,"53,448",1.19M,2.44%
6/19/2019,53601.00,"54,062",54293,"53,294",979.09K,-0.71%
6/18/2019,53985.00,"52,987",54139,"52,373",1.22M,1.59%
6/17/2019,53141.00,"53,141",53985,"52,987",1.30M,0.00%
6/14/2019,53141.00,"51,835",53448,"51,682",3.16M,2.82%
6/13/2019,51682.00,"51,451",51835,"50,990",697.92K,0.45%
6/12/2019,51451.00,"51,758",51835,"51,374",271.67K,-0.59%
6/11/2019,51758.00,"51,067",51835,"51,067",357.41K,1.05%
6/10/2019,51221.00,"51,298",51835,"50,683",747.05K,1.68%
6/7/2019,50376.00,"51,067",51451,"50,069",626.36K,-0.45%
6/6/2019,50606.00,"51,221",51221,"49,915",503.45K,-1.20%
6/5/2019,51221.00,"51,605",51835,"51,221",343.40K,-0.74%
6/4/2019,51605.00,"50,683",51835,"50,606",494.81K,1.05%
6/3/2019,51067.00,"51,067",51605,"49,147",757.51K,-1.04%
5/31/2019,51605.00,"51,835",52219,"51,298",908.63K,-0.74%
5/30/2019,51989.00,"51,835",52296,"51,682",409.47K,0.30%
5/29/2019,51835.00,"51,912",52296,"51,605",400.04K,0.15%
5/28/2019,51758.00,"51,451",52680,"51,298",847.77K,0.00%
5/27/2019,51758.00,"51,451",52066,"51,067",435.52K,1.35%
5/24/2019,51067.00,"51,682",52219,"50,760",1.19M,-1.63%
5/23/2019,51912.00,"51,758",52219,"51,528",482.89K,0.59%
5/22/2019,51605.00,"51,835",52680,"51,451",845.61K,-0.74%
5/21/2019,51989.00,"52,142",52526,"51,989",603.76K,-0.15%
5/20/2019,52066.00,"51,298",52296,"51,221",774.61K,1.50%
5/17/2019,51298.00,"51,298",51451,"51,144",572.98K,0.00%
5/16/2019,51298.00,"51,298",51758,"51,298",525.98K,0.00%
5/15/2019,51298.00,"51,221",51758,"51,067",936.88K,0.30%
5/14/2019,51144.00,"50,222",51144,"50,222",801.94K,1.06%
5/13/2019,50606.00,"50,530",50760,"50,376",606.64K,0.46%
5/10/2019,50376.00,"50,299",50760,"50,069",707.38K,0.15%
5/9/2019,50299.00,"50,222",50683,"49,992",841.11K,0.61%
5/8/2019,49992.00,"49,608",50376,"49,608",1.21M,-0.76%
5/7/2019,50376.00,"50,914",51451,"49,762",1.41M,-1.06%
5/6/2019,50914.00,"50,837",51298,"50,606",465.18K,-0.60%
5/3/2019,51221.00,"51,298",51605,"50,760",1.01M,-0.30%
5/2/2019,51374.00,"51,912",52142,"50,990",801.88K,-1.47%
4/26/2019,52142.00,"52,066",52449,"51,835",353.78K,0.29%
4/25/2019,51989.00,"52,603",52603,"51,989",444.94K,-1.17%
4/24/2019,52603.00,"51,835",53141,"51,835",873.47K,1.48%
4/23/2019,51835.00,"52,219",52219,"50,760",1.61M,-0.59%
4/22/2019,52142.00,"51,528",52296,"51,451",399.66K,-0.15%
4/19/2019,52219.00,"52,142",52603,"52,142",296.73K,0.15%
4/18/2019,52142.00,"51,835",52757,"51,835",707.95K,-0.15%
4/17/2019,52219.00,"52,142",52373,"51,451",659.32K,0.89%
4/16/2019,51758.00,"52,219",52219,"50,990",516.32K,-0.88%
4/12/2019,52219.00,"52,680",52680,"51,912",453.49K,-0.73%
4/11/2019,52603.00,"52,987",52987,"51,989",516.89K,-0.58%
4/10/2019,52910.00,"53,371",53371,"52,833",917.48K,-1.29%
4/9/2019,53601.00,"53,525",53755,"53,294",968.71K,0.14%
4/8/2019,53525.00,"52,296",53525,"52,142",1.43M,2.35%
4/5/2019,52296.00,"52,066",52373,"52,066",609.33K,0.59%
4/4/2019,51989.00,"51,605",52142,"51,298",1.21M,0.74%
4/3/2019,51605.00,"51,835",51912,"51,067",568.65K,-0.44%
4/2/2019,51835.00,"52,219",52603,"51,835",710.69K,-0.44%
4/1/2019,52066.00,"52,142",52142,"51,912",872.86K,0.74%
3/29/2019,51682.00,"51,451",51835,"51,298",865.19K,0.90%
3/28/2019,51221.00,"50,453",51221,"50,222",947.39K,1.83%
3/27/2019,50299.00,"50,606",50606,"49,685",686.72K,0.00%
3/26/2019,50299.00,"50,760",51067,"50,299",1.44M,0.00%
3/25/2019,50299.00,"49,915",50683,"49,147",2.09M,-2.09%
3/22/2019,51374.00,"51,298",51451,"51,067",1.76M,0.45%
3/21/2019,51144.00,"51,374",52142,"51,067",1.95M,-0.15%
3/20/2019,51221.00,"51,221",51605,"50,837",3.11M,-0.15%
3/19/2019,51298.00,"51,912",51912,"51,221",1.77M,-1.18%
3/18/2019,51912.00,"51,067",52066,"51,067",2.47M,2.42%
3/15/2019,50683.00,"51,605",51605,"50,683",3.34M,-1.49%
3/14/2019,51451.00,"50,069",51451,"49,531",2.90M,2.76%
3/13/2019,50069.00,"49,915",50069,"49,531",2.14M,0.62%
3/12/2019,49762.00,"48,379",49762,"48,149",2.80M,3.52%
3/11/2019,48072.00,"47,919",48149,"47,535",1.30M,-0.32%
3/8/2019,48226.00,"47,919",48379,"47,688",1.27M,-0.47%
3/7/2019,48456.00,"48,149",48994,"48,072",2.42M,0.64%
3/6/2019,48149.00,"48,456",48610,"47,535",1.38M,-0.48%
3/5/2019,48379.00,"48,226",48994,"47,995",2.01M,0.32%
3/4/2019,48226.00,"47,765",48379,"47,765",1.72M,0.97%
3/1/2019,47765.00,"46,844",47765,"46,690",910.43K,2.81%
2/28/2019,46460.00,"47,535",47995,"46,460",2.59M,-2.26%
2/27/2019,47535.00,"48,226",48379,"47,304",1.47M,-1.74%
2/26/2019,48379.00,"48,687",48763,"47,535",2.52M,-0.63%
2/25/2019,48687.00,"47,995",49071,"47,842",2.65M,2.26%
2/22/2019,47612.00,"46,229",47919,"46,076",3.19M,3.16%
2/21/2019,46152.00,"45,692",46152,"45,385",2.61M,1.69%
2/20/2019,45385.00,"45,538",45769,"45,231",1.04M,0.17%
2/19/2019,45308.00,"46,076",46229,"45,308",1.66M,-1.67%
2/18/2019,46076.00,"45,692",46076,"45,692",1.31M,1.18%
2/15/2019,45538.00,"46,076",46076,"45,461",1.59M,-1.49%
2/14/2019,46229.00,"45,922",46306,"45,769",2.08M,0.67%
2/13/2019,45922.00,"45,001",45999,"45,001",2.37M,2.05%
2/12/2019,45001.00,"44,617",45308,"44,386",2.15M,0.86%
2/11/2019,44617.00,"43,772",44693,"43,618",1.78M,2.83%
2/1/2019,43388.00,"43,772",44079,"43,388",1.06M,-0.53%
1/31/2019,43618.00,"43,618",44079,"43,618",1.46M,0.17%
1/30/2019,43542.00,"43,542",43925,"43,542",1.47M,0.00%
1/29/2019,43542.00,"42,620",43542,"42,390",1.24M,2.16%
1/28/2019,42620.00,"43,004",43004,"42,620",430.00K,-0.54%
1/25/2019,42850.00,"42,620",43081,"42,543",1.29M,0.72%
1/24/2019,42543.00,"42,543",42697,"42,236",591.90K,0.00%
1/23/2019,42543.00,"42,159",42620,"42,159",656.78K,0.36%
1/22/2019,42390.00,"43,004",43004,"42,390",508.28K,-1.07%
1/21/2019,42850.00,"41,929",43158,"41,852",1.11M,1.83%
1/18/2019,42082.00,"42,390",42543,"42,082",692.10K,-0.73%
1/17/2019,42390.00,"42,466",42774,"42,313",587.04K,-0.36%
1/16/2019,42543.00,"43,234",43234,"42,236",901.06K,-0.89%
1/15/2019,42927.00,"42,466",43081,"42,390",1.37M,1.09%
1/14/2019,42466.00,"42,390",42620,"42,159",969.73K,0.18%
1/11/2019,42390.00,"42,390",42620,"42,159",1.42M,0.36%
1/10/2019,42236.00,"42,850",42850,"42,236",1.01M,-1.43%
1/9/2019,42850.00,"42,620",43081,"42,082",1.45M,1.45%
1/8/2019,42236.00,"42,236",42390,"41,852",1.68M,0.73%
1/7/2019,41929.00,"42,466",42620,"41,852",1.50M,0.37%
1/4/2019,41775.00,"40,931",41775,"40,393",1.67M,1.49%
1/3/2019,41161.00,"41,468",41545,"40,470",1.37M,0.00%
1/2/2019,41161.00,"41,391",41698,"41,084",1.38M,0.19%
12/28/2018,41084.00,"41,315",41852,"40,931",997.44K,0.00%
12/27/2018,41084.00,"41,468",41698,"41,084",729.58K,1.32%
12/26/2018,40547.00,"40,393",41084,"40,393",998.06K,0.19%
12/25/2018,40470.00,"39,932",40700,"39,164",2.51M,-0.75%
12/24/2018,40777.00,"41,852",42159,"40,777",1.10M,-2.57%
